<BackupInst xmlns="http://www.microsoft.com/GroupPolicy/GPOOperations/Manifest"><GPOGuid><![CDATA[{CE02DABD-00A7-41C0-929F-0500BB00E563}]]></GPOGuid><GPODomain><![CDATA[standard-gpo.domain]]></GPODomain><GPODomainGuid><![CDATA[{15b8ef7f-fd5a-4b30-b1ed-5b31e51e4e12}]]></GPODomainGuid><GPODomainController><![CDATA[PSC-SRV25-ADC1.standard-gpo.domain]]></GPODomainController><BackupTime><![CDATA[2025-10-06T13:03:38]]></BackupTime><ID><![CDATA[{0C658CA1-3541-4444-A0BB-0CFDE4523388}]]></ID><Comment><![CDATA[]]></Comment><GPODisplayName><![CDATA[EF_Computer_Client-Server_PolicyBasedQoS-QoSPolicies-UCiP-and-EMC]]></GPODisplayName></BackupInst>
