<Backups xmlns="http://www.microsoft.com/GroupPolicy/GPOOperations/Manifest" xmlns:mfst="http://www.microsoft.com/GroupPolicy/GPOOperations/Manifest" mfst:version="1.0"><BackupInst><GPOGuid><![CDATA[{8A232077-50F0-4B7D-A19B-4D540038ABF7}]]></GPOGuid><GPODomain><![CDATA[standard-gpo.domain]]></GPODomain><GPODomainGuid><![CDATA[{15b8ef7f-fd5a-4b30-b1ed-5b31e51e4e12}]]></GPODomainGuid><GPODomainController><![CDATA[PSC-SRV25-ADC1.standard-gpo.domain]]></GPODomainController><BackupTime><![CDATA[2025-10-06T13:04:14]]></BackupTime><ID><![CDATA[{9AFACB20-D053-45F1-9774-A09D6D1ACA66}]]></ID><Comment><![CDATA[]]></Comment><GPODisplayName><![CDATA[TESTING-EF_SecurityBaseline_User_Dispo_ControlPanel_DisableSoundSettingsOnly]]></GPODisplayName></BackupInst><BackupInst><GPOGuid><![CDATA[{9F128AA9-2613-4F8D-8BA1-7F1827B1E57A}]]></GPOGuid><GPODomain><![CDATA[standard-gpo.domain]]></GPODomain><GPODomainGuid><![CDATA[{15b8ef7f-fd5a-4b30-b1ed-5b31e51e4e12}]]></GPODomainGuid><GPODomainController><![CDATA[PSC-SRV25-ADC1.standard-gpo.domain]]></GPODomainController><BackupTime><![CDATA[2025-10-06T13:04:14]]></BackupTime><ID><![CDATA[{35DF3C4D-6452-41ED-B6D7-E67CBBAE9107}]]></ID><Comment><![CDATA[]]></Comment><GPODisplayName><![CDATA[TESTING-EF_Computer_Client-Server_Securityoptions-WinDefFirewall-RuleSet_UCIP]]></GPODisplayName></BackupInst><BackupInst><GPOGuid><![CDATA[{1F352E6B-A3EB-4CA4-95E2-2531A22655CD}]]></GPOGuid><GPODomain><![CDATA[standard-gpo.domain]]></GPODomain><GPODomainGuid><![CDATA[{15b8ef7f-fd5a-4b30-b1ed-5b31e51e4e12}]]></GPODomainGuid><GPODomainController><![CDATA[PSC-SRV25-ADC1.standard-gpo.domain]]></GPODomainController><BackupTime><![CDATA[2025-10-06T13:04:14]]></BackupTime><ID><![CDATA[{DBCC9879-1B94-4692-83B4-3A1D6C381988}]]></ID><Comment><![CDATA[]]></Comment><GPODisplayName><![CDATA[TESTING-EF_Computer_Client-Server_Securityoptions-WinDefFirewall-RuleSet_ELDIS]]></GPODisplayName></BackupInst><BackupInst><GPOGuid><![CDATA[{F0B61B59-5F57-4550-B71F-43BB76BC8CF9}]]></GPOGuid><GPODomain><![CDATA[standard-gpo.domain]]></GPODomain><GPODomainGuid><![CDATA[{15b8ef7f-fd5a-4b30-b1ed-5b31e51e4e12}]]></GPODomainGuid><GPODomainController><![CDATA[PSC-SRV25-ADC1.standard-gpo.domain]]></GPODomainController><BackupTime><![CDATA[2025-10-06T13:04:13]]></BackupTime><ID><![CDATA[{5482101C-D1CA-4B95-9244-772535C6876F}]]></ID><Comment><![CDATA[]]></Comment><GPODisplayName><![CDATA[TESTING_T-CPR-App-DesktopLink]]></GPODisplayName></BackupInst><BackupInst><GPOGuid><![CDATA[{E338DCE7-24B8-48EF-871A-E9054AC62D32}]]></GPOGuid><GPODomain><![CDATA[standard-gpo.domain]]></GPODomain><GPODomainGuid><![CDATA[{15b8ef7f-fd5a-4b30-b1ed-5b31e51e4e12}]]></GPODomainGuid><GPODomainController><![CDATA[PSC-SRV25-ADC1.standard-gpo.domain]]></GPODomainController><BackupTime><![CDATA[2025-10-06T13:04:13]]></BackupTime><ID><![CDATA[{F3D98D24-FCEF-4E9F-90D4-A6AD3D6FABC6}]]></ID><Comment><![CDATA[]]></Comment><GPODisplayName><![CDATA[TESTING_EF_User_EF-TerminalUser_DesktopHintergrund]]></GPODisplayName></BackupInst><BackupInst><GPOGuid><![CDATA[{9925FADE-FFF3-4850-9106-3C542A956924}]]></GPOGuid><GPODomain><![CDATA[standard-gpo.domain]]></GPODomain><GPODomainGuid><![CDATA[{15b8ef7f-fd5a-4b30-b1ed-5b31e51e4e12}]]></GPODomainGuid><GPODomainController><![CDATA[PSC-SRV25-ADC1.standard-gpo.domain]]></GPODomainController><BackupTime><![CDATA[2025-10-06T13:04:12]]></BackupTime><ID><![CDATA[{83E2C575-47EE-4245-B7B1-BA28D4FDDA94}]]></ID><Comment><![CDATA[]]></Comment><GPODisplayName><![CDATA[TESTING_EF_Computer_Server_Update-EF-WinSRV-Background]]></GPODisplayName></BackupInst><BackupInst><GPOGuid><![CDATA[{ADEE8AD9-B6E5-4322-A706-173B01E95120}]]></GPOGuid><GPODomain><![CDATA[standard-gpo.domain]]></GPODomain><GPODomainGuid><![CDATA[{15b8ef7f-fd5a-4b30-b1ed-5b31e51e4e12}]]></GPODomainGuid><GPODomainController><![CDATA[PSC-SRV25-ADC1.standard-gpo.domain]]></GPODomainController><BackupTime><![CDATA[2025-10-06T13:04:12]]></BackupTime><ID><![CDATA[{5025CA72-C232-488F-89D9-A5FAB45CB9C7}]]></ID><Comment><![CDATA[]]></Comment><GPODisplayName><![CDATA[TESTING_EF_Computer_Global_KeyboardLayout]]></GPODisplayName></BackupInst><BackupInst><GPOGuid><![CDATA[{6F5A4523-C59F-4503-A235-8419FE262D44}]]></GPOGuid><GPODomain><![CDATA[standard-gpo.domain]]></GPODomain><GPODomainGuid><![CDATA[{15b8ef7f-fd5a-4b30-b1ed-5b31e51e4e12}]]></GPODomainGuid><GPODomainController><![CDATA[PSC-SRV25-ADC1.standard-gpo.domain]]></GPODomainController><BackupTime><![CDATA[2025-10-06T13:04:12]]></BackupTime><ID><![CDATA[{7B32DA02-4B64-4212-9EE5-3F98F4265012}]]></ID><Comment><![CDATA[]]></Comment><GPODisplayName><![CDATA[TESTING_EF_Computer_Client-Server-DC_WinComponents-MSDefenderAntiVir_CompleteOn]]></GPODisplayName></BackupInst><BackupInst><GPOGuid><![CDATA[{B0FBE204-C9C6-4657-9830-1F3765E175F2}]]></GPOGuid><GPODomain><![CDATA[standard-gpo.domain]]></GPODomain><GPODomainGuid><![CDATA[{15b8ef7f-fd5a-4b30-b1ed-5b31e51e4e12}]]></GPODomainGuid><GPODomainController><![CDATA[PSC-SRV25-ADC1.standard-gpo.domain]]></GPODomainController><BackupTime><![CDATA[2025-10-06T13:04:12]]></BackupTime><ID><![CDATA[{08CF9736-8185-45FC-B02E-E89FE9AB8E53}]]></ID><Comment><![CDATA[]]></Comment><GPODisplayName><![CDATA[TESTING_EF_Computer_Client-Server-DC_WinComponents-MSDefenderAntiVir_CompleteOff]]></GPODisplayName></BackupInst><BackupInst><GPOGuid><![CDATA[{7ECACED7-AF64-4662-801C-2D233AD91514}]]></GPOGuid><GPODomain><![CDATA[standard-gpo.domain]]></GPODomain><GPODomainGuid><![CDATA[{15b8ef7f-fd5a-4b30-b1ed-5b31e51e4e12}]]></GPODomainGuid><GPODomainController><![CDATA[PSC-SRV25-ADC1.standard-gpo.domain]]></GPODomainController><BackupTime><![CDATA[2025-10-06T13:04:11]]></BackupTime><ID><![CDATA[{8960AE1D-B383-4DFB-967A-FF604078431F}]]></ID><Comment><![CDATA[]]></Comment><GPODisplayName><![CDATA[TESTING_!-OPT-EF_Computer_Global_CheckMK_Agent-Registration]]></GPODisplayName></BackupInst><BackupInst mfst:SIPresent="true"><GPOGuid><![CDATA[{9DB4E903-0AC0-4AAA-A07A-359DD41330A5}]]></GPOGuid><GPODomain><![CDATA[standard-gpo.domain]]></GPODomain><GPODomainGuid><![CDATA[{15b8ef7f-fd5a-4b30-b1ed-5b31e51e4e12}]]></GPODomainGuid><GPODomainController><![CDATA[PSC-SRV25-ADC1.standard-gpo.domain]]></GPODomainController><BackupTime><![CDATA[2025-10-06T13:04:11]]></BackupTime><ID><![CDATA[{7A59CCF4-8FB6-41F4-A367-DA98557C91A7}]]></ID><Comment><![CDATA[]]></Comment><GPODisplayName><![CDATA[TESTING_!-OPT-EF_Computer_Global_CheckMK_Agent-Installation]]></GPODisplayName></BackupInst><BackupInst><GPOGuid><![CDATA[{B1A8CF92-B414-411D-9512-80EAF17738AD}]]></GPOGuid><GPODomain><![CDATA[standard-gpo.domain]]></GPODomain><GPODomainGuid><![CDATA[{15b8ef7f-fd5a-4b30-b1ed-5b31e51e4e12}]]></GPODomainGuid><GPODomainController><![CDATA[PSC-SRV25-ADC1.standard-gpo.domain]]></GPODomainController><BackupTime><![CDATA[2025-10-06T13:04:11]]></BackupTime><ID><![CDATA[{6411DD44-2F1E-4648-AFD8-7879B038A3EF}]]></ID><Comment><![CDATA[]]></Comment><GPODisplayName><![CDATA[TESTING_!-EF_User_EF-TerminalUser_Desktopverknüpfungen]]></GPODisplayName></BackupInst><BackupInst><GPOGuid><![CDATA[{9E745936-F433-46E6-B338-D06EBF0BC1D3}]]></GPOGuid><GPODomain><![CDATA[standard-gpo.domain]]></GPODomain><GPODomainGuid><![CDATA[{15b8ef7f-fd5a-4b30-b1ed-5b31e51e4e12}]]></GPODomainGuid><GPODomainController><![CDATA[PSC-SRV25-ADC1.standard-gpo.domain]]></GPODomainController><BackupTime><![CDATA[2025-10-06T13:04:10]]></BackupTime><ID><![CDATA[{D376485F-5E99-4B8C-8616-8455CFC8CE8C}]]></ID><Comment><![CDATA[]]></Comment><GPODisplayName><![CDATA[TESTING_!-EF_User_Dispo_PreferredLanguageAndKeyboardLayout]]></GPODisplayName></BackupInst><BackupInst><GPOGuid><![CDATA[{336F8DA9-AF2E-491C-A0DA-04EEF24F6C4F}]]></GPOGuid><GPODomain><![CDATA[standard-gpo.domain]]></GPODomain><GPODomainGuid><![CDATA[{15b8ef7f-fd5a-4b30-b1ed-5b31e51e4e12}]]></GPODomainGuid><GPODomainController><![CDATA[PSC-SRV25-ADC1.standard-gpo.domain]]></GPODomainController><BackupTime><![CDATA[2025-10-06T13:04:10]]></BackupTime><ID><![CDATA[{2843B827-9F5A-4B7E-8C68-45C1970AA1AF}]]></ID><Comment><![CDATA[]]></Comment><GPODisplayName><![CDATA[TESTING_!-EF_Computer_Global_Sicherheitsoption-UserRights_SystemLogonSettings]]></GPODisplayName></BackupInst><BackupInst><GPOGuid><![CDATA[{2A2D618C-39B0-4A38-8B18-98F0960D6B2D}]]></GPOGuid><GPODomain><![CDATA[standard-gpo.domain]]></GPODomain><GPODomainGuid><![CDATA[{15b8ef7f-fd5a-4b30-b1ed-5b31e51e4e12}]]></GPODomainGuid><GPODomainController><![CDATA[PSC-SRV25-ADC1.standard-gpo.domain]]></GPODomainController><BackupTime><![CDATA[2025-10-06T13:04:09]]></BackupTime><ID><![CDATA[{CCA733A5-E5C6-4493-9C88-12159BCE65C1}]]></ID><Comment><![CDATA[]]></Comment><GPODisplayName><![CDATA[TESTING_!-EF_Computer_Global_Sicherheitsoption-LogonSettings_EF-TerminalUsers]]></GPODisplayName></BackupInst><BackupInst><GPOGuid><![CDATA[{40AF44BB-5E80-4844-9569-76CD578B404E}]]></GPOGuid><GPODomain><![CDATA[standard-gpo.domain]]></GPODomain><GPODomainGuid><![CDATA[{15b8ef7f-fd5a-4b30-b1ed-5b31e51e4e12}]]></GPODomainGuid><GPODomainController><![CDATA[PSC-SRV25-ADC1.standard-gpo.domain]]></GPODomainController><BackupTime><![CDATA[2025-10-06T13:04:09]]></BackupTime><ID><![CDATA[{7D1A45FB-18B9-4C26-8DB8-335B5BCC049D}]]></ID><Comment><![CDATA[]]></Comment><GPODisplayName><![CDATA[TESTING_!-EF_Computer_Global_Sicherheitsoption-AppCtrl_AppLocker]]></GPODisplayName></BackupInst><BackupInst><GPOGuid><![CDATA[{44E52D96-AF02-4F2B-AFD8-6CAF3670B1D0}]]></GPOGuid><GPODomain><![CDATA[standard-gpo.domain]]></GPODomain><GPODomainGuid><![CDATA[{15b8ef7f-fd5a-4b30-b1ed-5b31e51e4e12}]]></GPODomainGuid><GPODomainController><![CDATA[PSC-SRV25-ADC1.standard-gpo.domain]]></GPODomainController><BackupTime><![CDATA[2025-10-06T13:04:09]]></BackupTime><ID><![CDATA[{B8062B2E-A389-4A1E-B09F-4EF20814C37E}]]></ID><Comment><![CDATA[]]></Comment><GPODisplayName><![CDATA[TESTING_!-EF_Computer_Client-Server_DNSSEC]]></GPODisplayName></BackupInst><BackupInst><GPOGuid><![CDATA[{DEE63E5D-4721-410F-957C-B9E47A833EA7}]]></GPOGuid><GPODomain><![CDATA[standard-gpo.domain]]></GPODomain><GPODomainGuid><![CDATA[{15b8ef7f-fd5a-4b30-b1ed-5b31e51e4e12}]]></GPODomainGuid><GPODomainController><![CDATA[PSC-SRV25-ADC1.standard-gpo.domain]]></GPODomainController><BackupTime><![CDATA[2025-10-06T13:04:08]]></BackupTime><ID><![CDATA[{E6823602-732A-4C84-95A8-7A83ADAC4E12}]]></ID><Comment><![CDATA[]]></Comment><GPODisplayName><![CDATA[OPT-EF_User_EF-Admin_Shortcuts]]></GPODisplayName></BackupInst><BackupInst><GPOGuid><![CDATA[{9BBF1E3B-C949-463B-A17F-9A78754CC780}]]></GPOGuid><GPODomain><![CDATA[standard-gpo.domain]]></GPODomain><GPODomainGuid><![CDATA[{15b8ef7f-fd5a-4b30-b1ed-5b31e51e4e12}]]></GPODomainGuid><GPODomainController><![CDATA[PSC-SRV25-ADC1.standard-gpo.domain]]></GPODomainController><BackupTime><![CDATA[2025-10-06T13:04:08]]></BackupTime><ID><![CDATA[{FC075F78-4636-4094-9415-0AF3E2598E59}]]></ID><Comment><![CDATA[]]></Comment><GPODisplayName><![CDATA[OPT-EF_User_EF-Admin_PreferredLanguageAndKeyboardLayout]]></GPODisplayName></BackupInst><BackupInst><GPOGuid><![CDATA[{EC5E6E5A-074C-4846-A085-6E25B046E9DF}]]></GPOGuid><GPODomain><![CDATA[standard-gpo.domain]]></GPODomain><GPODomainGuid><![CDATA[{15b8ef7f-fd5a-4b30-b1ed-5b31e51e4e12}]]></GPODomainGuid><GPODomainController><![CDATA[PSC-SRV25-ADC1.standard-gpo.domain]]></GPODomainController><BackupTime><![CDATA[2025-10-06T13:04:07]]></BackupTime><ID><![CDATA[{22D7D5D7-D281-485F-B032-9C101C36C273}]]></ID><Comment><![CDATA[]]></Comment><GPODisplayName><![CDATA[OPT-EF_User_Dispo_Shortcuts]]></GPODisplayName></BackupInst><BackupInst><GPOGuid><![CDATA[{386DEC29-E22E-4733-9E20-D20E000E6131}]]></GPOGuid><GPODomain><![CDATA[standard-gpo.domain]]></GPODomain><GPODomainGuid><![CDATA[{15b8ef7f-fd5a-4b30-b1ed-5b31e51e4e12}]]></GPODomainGuid><GPODomainController><![CDATA[PSC-SRV25-ADC1.standard-gpo.domain]]></GPODomainController><BackupTime><![CDATA[2025-10-06T13:04:07]]></BackupTime><ID><![CDATA[{85F6B30C-6633-487A-A879-17BF94F87D88}]]></ID><Comment><![CDATA[]]></Comment><GPODisplayName><![CDATA[OPT-EF_User_Admin-Shortcuts]]></GPODisplayName></BackupInst><BackupInst><GPOGuid><![CDATA[{9B0DA84C-EE22-4A82-8B30-5114D6BAF383}]]></GPOGuid><GPODomain><![CDATA[standard-gpo.domain]]></GPODomain><GPODomainGuid><![CDATA[{15b8ef7f-fd5a-4b30-b1ed-5b31e51e4e12}]]></GPODomainGuid><GPODomainController><![CDATA[PSC-SRV25-ADC1.standard-gpo.domain]]></GPODomainController><BackupTime><![CDATA[2025-10-06T13:04:06]]></BackupTime><ID><![CDATA[{0AB4E489-3DEB-484C-8F26-8BAF0DC22F8D}]]></ID><Comment><![CDATA[]]></Comment><GPODisplayName><![CDATA[OPT-EF_SecurityBaseline_Computer_Cluster_Securityoption-SMB-Signature]]></GPODisplayName></BackupInst><BackupInst><GPOGuid><![CDATA[{0AD9FA40-A4B5-4F32-876B-A121F14C31AF}]]></GPOGuid><GPODomain><![CDATA[standard-gpo.domain]]></GPODomain><GPODomainGuid><![CDATA[{15b8ef7f-fd5a-4b30-b1ed-5b31e51e4e12}]]></GPODomainGuid><GPODomainController><![CDATA[PSC-SRV25-ADC1.standard-gpo.domain]]></GPODomainController><BackupTime><![CDATA[2025-10-06T13:04:06]]></BackupTime><ID><![CDATA[{C3889CE2-B9AB-4EE5-8754-724F7CD09AB0}]]></ID><Comment><![CDATA[]]></Comment><GPODisplayName><![CDATA[OPT-EF_SecurityBaseline_Computer_Client-Server_Disable-PrintdriverRestriction]]></GPODisplayName></BackupInst><BackupInst><GPOGuid><![CDATA[{8B9D59C1-9E73-4B31-9921-760528D6230A}]]></GPOGuid><GPODomain><![CDATA[standard-gpo.domain]]></GPODomain><GPODomainGuid><![CDATA[{15b8ef7f-fd5a-4b30-b1ed-5b31e51e4e12}]]></GPODomainGuid><GPODomainController><![CDATA[PSC-SRV25-ADC1.standard-gpo.domain]]></GPODomainController><BackupTime><![CDATA[2025-10-06T13:04:06]]></BackupTime><ID><![CDATA[{54BE0691-192A-4CE3-B6AA-2272F1AD2503}]]></ID><Comment><![CDATA[]]></Comment><GPODisplayName><![CDATA[OPT-EF_Computer_Server_SEAD_NetSupportManagerControl]]></GPODisplayName></BackupInst><BackupInst><GPOGuid><![CDATA[{106C6391-F4F6-4DD5-B429-F93E737970E7}]]></GPOGuid><GPODomain><![CDATA[standard-gpo.domain]]></GPODomain><GPODomainGuid><![CDATA[{15b8ef7f-fd5a-4b30-b1ed-5b31e51e4e12}]]></GPODomainGuid><GPODomainController><![CDATA[PSC-SRV25-ADC1.standard-gpo.domain]]></GPODomainController><BackupTime><![CDATA[2025-10-06T13:04:05]]></BackupTime><ID><![CDATA[{8D2316A9-6ADA-4053-B14A-7EF433F529C9}]]></ID><Comment><![CDATA[]]></Comment><GPODisplayName><![CDATA[OPT-EF_Computer_Client-Server_Registry_Spool-Printers-Directory-on-D]]></GPODisplayName></BackupInst><BackupInst><GPOGuid><![CDATA[{477E5F0E-F372-4380-8F48-4A16C2929E6B}]]></GPOGuid><GPODomain><![CDATA[standard-gpo.domain]]></GPODomain><GPODomainGuid><![CDATA[{15b8ef7f-fd5a-4b30-b1ed-5b31e51e4e12}]]></GPODomainGuid><GPODomainController><![CDATA[PSC-SRV25-ADC1.standard-gpo.domain]]></GPODomainController><BackupTime><![CDATA[2025-10-06T13:04:05]]></BackupTime><ID><![CDATA[{F3B081FD-6E74-41A4-B528-D490E78952B6}]]></ID><Comment><![CDATA[]]></Comment><GPODisplayName><![CDATA[OPT-EF_Computer_Client_Securityoption-FileSystem-Utilman_Hide-EasyAccess-Logonscreen]]></GPODisplayName></BackupInst><BackupInst><GPOGuid><![CDATA[{B9CE0926-723C-461C-8F29-0C93D7E5DD6E}]]></GPOGuid><GPODomain><![CDATA[standard-gpo.domain]]></GPODomain><GPODomainGuid><![CDATA[{15b8ef7f-fd5a-4b30-b1ed-5b31e51e4e12}]]></GPODomainGuid><GPODomainController><![CDATA[PSC-SRV25-ADC1.standard-gpo.domain]]></GPODomainController><BackupTime><![CDATA[2025-10-06T13:04:05]]></BackupTime><ID><![CDATA[{9C8B464F-1E00-4BF1-B00E-60790A7FEFD9}]]></ID><Comment><![CDATA[]]></Comment><GPODisplayName><![CDATA[OPT-EF_Computer_Client_NetSupportClientSettings]]></GPODisplayName></BackupInst><BackupInst><GPOGuid><![CDATA[{590D950A-3677-4A5E-B6F3-28DA269C1157}]]></GPOGuid><GPODomain><![CDATA[standard-gpo.domain]]></GPODomain><GPODomainGuid><![CDATA[{15b8ef7f-fd5a-4b30-b1ed-5b31e51e4e12}]]></GPODomainGuid><GPODomainController><![CDATA[PSC-SRV25-ADC1.standard-gpo.domain]]></GPODomainController><BackupTime><![CDATA[2025-10-06T13:04:04]]></BackupTime><ID><![CDATA[{FD33C0AB-3209-4538-869C-A84BE557C923}]]></ID><Comment><![CDATA[]]></Comment><GPODisplayName><![CDATA[OPT-EF_Computer_Client_Files_RemovePublicDesktoplinks]]></GPODisplayName></BackupInst><BackupInst><GPOGuid><![CDATA[{7444750A-68BE-4BB7-8390-E1738724E697}]]></GPOGuid><GPODomain><![CDATA[standard-gpo.domain]]></GPODomain><GPODomainGuid><![CDATA[{15b8ef7f-fd5a-4b30-b1ed-5b31e51e4e12}]]></GPODomainGuid><GPODomainController><![CDATA[PSC-SRV25-ADC1.standard-gpo.domain]]></GPODomainController><BackupTime><![CDATA[2025-10-06T13:04:04]]></BackupTime><ID><![CDATA[{94752927-F29D-48BC-9560-F38BE574A17D}]]></ID><Comment><![CDATA[]]></Comment><GPODisplayName><![CDATA[OPT_MS_SecurityBaseline_Computer_Global_System-DeviceInstallationRestriction]]></GPODisplayName></BackupInst><BackupInst><GPOGuid><![CDATA[{3306CC09-9ED1-4313-B4C5-D60D8F3C49E3}]]></GPOGuid><GPODomain><![CDATA[standard-gpo.domain]]></GPODomain><GPODomainGuid><![CDATA[{15b8ef7f-fd5a-4b30-b1ed-5b31e51e4e12}]]></GPODomainGuid><GPODomainController><![CDATA[PSC-SRV25-ADC1.standard-gpo.domain]]></GPODomainController><BackupTime><![CDATA[2025-10-06T13:04:04]]></BackupTime><ID><![CDATA[{C541E50B-7691-4028-ACDF-1D32AEC97973}]]></ID><Comment><![CDATA[]]></Comment><GPODisplayName><![CDATA[OPT_MS_SecurityBaseline_Computer_Client_WinComponents-BitLocker]]></GPODisplayName></BackupInst><BackupInst><GPOGuid><![CDATA[{4C0C8CB1-0E98-47B7-AB2B-D9DFB1624535}]]></GPOGuid><GPODomain><![CDATA[standard-gpo.domain]]></GPODomain><GPODomainGuid><![CDATA[{15b8ef7f-fd5a-4b30-b1ed-5b31e51e4e12}]]></GPODomainGuid><GPODomainController><![CDATA[PSC-SRV25-ADC1.standard-gpo.domain]]></GPODomainController><BackupTime><![CDATA[2025-10-06T13:04:03]]></BackupTime><ID><![CDATA[{65510A80-F3B0-47A8-A700-CFECC84BD66B}]]></ID><Comment><![CDATA[]]></Comment><GPODisplayName><![CDATA[OPT_EF_User_Dispo_Registry_Enable-AutoHideTaskbar]]></GPODisplayName></BackupInst><BackupInst><GPOGuid><![CDATA[{406A128F-55D9-415A-8D92-363E42281A32}]]></GPOGuid><GPODomain><![CDATA[standard-gpo.domain]]></GPODomain><GPODomainGuid><![CDATA[{15b8ef7f-fd5a-4b30-b1ed-5b31e51e4e12}]]></GPODomainGuid><GPODomainController><![CDATA[PSC-SRV25-ADC1.standard-gpo.domain]]></GPODomainController><BackupTime><![CDATA[2025-10-06T13:04:03]]></BackupTime><ID><![CDATA[{6D877B1B-BC10-4BBA-9E51-B66E5DAA29F8}]]></ID><Comment><![CDATA[]]></Comment><GPODisplayName><![CDATA[OBSOLETE_OPT-EF_User_Dispo_Files_Clear-WindowsStartMenue]]></GPODisplayName></BackupInst><BackupInst><GPOGuid><![CDATA[{37D592AB-3D03-4657-BC6A-44D14FC53DB0}]]></GPOGuid><GPODomain><![CDATA[standard-gpo.domain]]></GPODomain><GPODomainGuid><![CDATA[{15b8ef7f-fd5a-4b30-b1ed-5b31e51e4e12}]]></GPODomainGuid><GPODomainController><![CDATA[PSC-SRV25-ADC1.standard-gpo.domain]]></GPODomainController><BackupTime><![CDATA[2025-10-06T13:04:03]]></BackupTime><ID><![CDATA[{8A1FB988-5960-43A7-B183-44F11D672683}]]></ID><Comment><![CDATA[]]></Comment><GPODisplayName><![CDATA[OBSOLETE_OPT-EF_Computer_Client_Registry_UpdateStartmenuFolder]]></GPODisplayName></BackupInst><BackupInst><GPOGuid><![CDATA[{EB92F020-5597-40B7-9656-1930A20CB7EB}]]></GPOGuid><GPODomain><![CDATA[standard-gpo.domain]]></GPODomain><GPODomainGuid><![CDATA[{15b8ef7f-fd5a-4b30-b1ed-5b31e51e4e12}]]></GPODomainGuid><GPODomainController><![CDATA[PSC-SRV25-ADC1.standard-gpo.domain]]></GPODomainController><BackupTime><![CDATA[2025-10-06T13:04:02]]></BackupTime><ID><![CDATA[{B25D58DD-EF89-4EB2-89EF-506E26351F2F}]]></ID><Comment><![CDATA[]]></Comment><GPODisplayName><![CDATA[OBSOLETE_EF_User_DomainUser_Registry_Disable-SearchboxTaskviewTabletmode]]></GPODisplayName></BackupInst><BackupInst><GPOGuid><![CDATA[{D53113E1-B824-4DF3-A770-C454E411E6DD}]]></GPOGuid><GPODomain><![CDATA[standard-gpo.domain]]></GPODomain><GPODomainGuid><![CDATA[{15b8ef7f-fd5a-4b30-b1ed-5b31e51e4e12}]]></GPODomainGuid><GPODomainController><![CDATA[PSC-SRV25-ADC1.standard-gpo.domain]]></GPODomainController><BackupTime><![CDATA[2025-10-06T13:04:02]]></BackupTime><ID><![CDATA[{15673400-333F-4CAA-9709-E1E99D898655}]]></ID><Comment><![CDATA[]]></Comment><GPODisplayName><![CDATA[OBSOLETE_!-EF_User_Dispo_StartmenuTaskbar-StartLayout]]></GPODisplayName></BackupInst><BackupInst><GPOGuid><![CDATA[{7026A95C-7F5B-40A2-8552-5F9AEBE5A0F4}]]></GPOGuid><GPODomain><![CDATA[standard-gpo.domain]]></GPODomain><GPODomainGuid><![CDATA[{15b8ef7f-fd5a-4b30-b1ed-5b31e51e4e12}]]></GPODomainGuid><GPODomainController><![CDATA[PSC-SRV25-ADC1.standard-gpo.domain]]></GPODomainController><BackupTime><![CDATA[2025-10-06T13:04:02]]></BackupTime><ID><![CDATA[{E633AF71-6037-4A05-8E76-E5B2C58E6143}]]></ID><Comment><![CDATA[]]></Comment><GPODisplayName><![CDATA[MS_SecurityBaseline_Computer_Global_WinComponents-WinInkWorkspace]]></GPODisplayName></BackupInst><BackupInst><GPOGuid><![CDATA[{F3534288-911C-4EAE-A02F-EB341894E855}]]></GPOGuid><GPODomain><![CDATA[standard-gpo.domain]]></GPODomain><GPODomainGuid><![CDATA[{15b8ef7f-fd5a-4b30-b1ed-5b31e51e4e12}]]></GPODomainGuid><GPODomainController><![CDATA[PSC-SRV25-ADC1.standard-gpo.domain]]></GPODomainController><BackupTime><![CDATA[2025-10-06T13:04:02]]></BackupTime><ID><![CDATA[{080D7548-8234-45E9-A98E-C7F813D9D05E}]]></ID><Comment><![CDATA[]]></Comment><GPODisplayName><![CDATA[MS_SecurityBaseline_Computer_Global_WinComponents-WindowsLogonOptions]]></GPODisplayName></BackupInst><BackupInst><GPOGuid><![CDATA[{B9F1374A-8E9C-47E6-990E-1A37CF78B2FA}]]></GPOGuid><GPODomain><![CDATA[standard-gpo.domain]]></GPODomain><GPODomainGuid><![CDATA[{15b8ef7f-fd5a-4b30-b1ed-5b31e51e4e12}]]></GPODomainGuid><GPODomainController><![CDATA[PSC-SRV25-ADC1.standard-gpo.domain]]></GPODomainController><BackupTime><![CDATA[2025-10-06T13:04:01]]></BackupTime><ID><![CDATA[{6C35ACBF-02A5-48F3-BC44-AAE4567A1DC7}]]></ID><Comment><![CDATA[]]></Comment><GPODisplayName><![CDATA[MS_SecurityBaseline_Computer_Global_WinComponents-WindowsInstaller]]></GPODisplayName></BackupInst><BackupInst><GPOGuid><![CDATA[{5CCA1DC6-9B37-4BEE-9C34-BB5855E068D4}]]></GPOGuid><GPODomain><![CDATA[standard-gpo.domain]]></GPODomain><GPODomainGuid><![CDATA[{15b8ef7f-fd5a-4b30-b1ed-5b31e51e4e12}]]></GPODomainGuid><GPODomainController><![CDATA[PSC-SRV25-ADC1.standard-gpo.domain]]></GPODomainController><BackupTime><![CDATA[2025-10-06T13:04:01]]></BackupTime><ID><![CDATA[{95598767-7D3D-4E85-B1F2-73EFAF2444AB}]]></ID><Comment><![CDATA[]]></Comment><GPODisplayName><![CDATA[MS_SecurityBaseline_Computer_Global_WinComponents-WinDefenderSmartScreen]]></GPODisplayName></BackupInst><BackupInst><GPOGuid><![CDATA[{5B819CD5-B7DB-4BD7-9C0F-6BC1914434F6}]]></GPOGuid><GPODomain><![CDATA[standard-gpo.domain]]></GPODomain><GPODomainGuid><![CDATA[{15b8ef7f-fd5a-4b30-b1ed-5b31e51e4e12}]]></GPODomainGuid><GPODomainController><![CDATA[PSC-SRV25-ADC1.standard-gpo.domain]]></GPODomainController><BackupTime><![CDATA[2025-10-06T13:04:01]]></BackupTime><ID><![CDATA[{081E2C45-35E1-417D-93A6-EE80F7A91891}]]></ID><Comment><![CDATA[]]></Comment><GPODisplayName><![CDATA[MS_SecurityBaseline_Computer_Global_WinComponents-Search]]></GPODisplayName></BackupInst><BackupInst><GPOGuid><![CDATA[{C097AA9B-E66C-4FCD-B669-F372ACE6C247}]]></GPOGuid><GPODomain><![CDATA[standard-gpo.domain]]></GPODomain><GPODomainGuid><![CDATA[{15b8ef7f-fd5a-4b30-b1ed-5b31e51e4e12}]]></GPODomainGuid><GPODomainController><![CDATA[PSC-SRV25-ADC1.standard-gpo.domain]]></GPODomainController><BackupTime><![CDATA[2025-10-06T13:04:01]]></BackupTime><ID><![CDATA[{2C25E2B4-5792-4C15-BFB8-4D9944BA0933}]]></ID><Comment><![CDATA[]]></Comment><GPODisplayName><![CDATA[MS_SecurityBaseline_Computer_Global_WinComponents-RSS]]></GPODisplayName></BackupInst><BackupInst><GPOGuid><![CDATA[{EE456F83-59C5-4085-9938-B9CB26BFD25C}]]></GPOGuid><GPODomain><![CDATA[standard-gpo.domain]]></GPODomain><GPODomainGuid><![CDATA[{15b8ef7f-fd5a-4b30-b1ed-5b31e51e4e12}]]></GPODomainGuid><GPODomainController><![CDATA[PSC-SRV25-ADC1.standard-gpo.domain]]></GPODomainController><BackupTime><![CDATA[2025-10-06T13:04:00]]></BackupTime><ID><![CDATA[{9BDC994C-3F2F-4E3B-97C1-E037B929EF35}]]></ID><Comment><![CDATA[]]></Comment><GPODisplayName><![CDATA[MS_SecurityBaseline_Computer_Global_WinComponents-RemDeskSvc]]></GPODisplayName></BackupInst><BackupInst><GPOGuid><![CDATA[{8DFCB3A7-C05B-4AE3-BE67-5185DDEF759F}]]></GPOGuid><GPODomain><![CDATA[standard-gpo.domain]]></GPODomain><GPODomainGuid><![CDATA[{15b8ef7f-fd5a-4b30-b1ed-5b31e51e4e12}]]></GPODomainGuid><GPODomainController><![CDATA[PSC-SRV25-ADC1.standard-gpo.domain]]></GPODomainController><BackupTime><![CDATA[2025-10-06T13:04:00]]></BackupTime><ID><![CDATA[{BA9A33AA-A5F7-4DBE-97E1-ACDB1460E1FE}]]></ID><Comment><![CDATA[]]></Comment><GPODisplayName><![CDATA[MS_SecurityBaseline_Computer_Global_WinComponents-MSDefenderAntiVir]]></GPODisplayName></BackupInst><BackupInst><GPOGuid><![CDATA[{4885837F-DA48-4A68-A764-3F7EC58E6620}]]></GPOGuid><GPODomain><![CDATA[standard-gpo.domain]]></GPODomain><GPODomainGuid><![CDATA[{15b8ef7f-fd5a-4b30-b1ed-5b31e51e4e12}]]></GPODomainGuid><GPODomainController><![CDATA[PSC-SRV25-ADC1.standard-gpo.domain]]></GPODomainController><BackupTime><![CDATA[2025-10-06T13:04:00]]></BackupTime><ID><![CDATA[{0E451207-7B24-4458-99B1-2976697E4D52}]]></ID><Comment><![CDATA[]]></Comment><GPODisplayName><![CDATA[MS_SecurityBaseline_Computer_Global_WinComponents-InternetExplorer]]></GPODisplayName></BackupInst><BackupInst><GPOGuid><![CDATA[{55AF0704-122D-4348-BEA3-C700FC8254E4}]]></GPOGuid><GPODomain><![CDATA[standard-gpo.domain]]></GPODomain><GPODomainGuid><![CDATA[{15b8ef7f-fd5a-4b30-b1ed-5b31e51e4e12}]]></GPODomainGuid><GPODomainController><![CDATA[PSC-SRV25-ADC1.standard-gpo.domain]]></GPODomainController><BackupTime><![CDATA[2025-10-06T13:04:00]]></BackupTime><ID><![CDATA[{12302A85-0C6D-4119-B288-36160C14F17D}]]></ID><Comment><![CDATA[]]></Comment><GPODisplayName><![CDATA[MS_SecurityBaseline_Computer_Global_WinComponents-EventLog]]></GPODisplayName></BackupInst><BackupInst><GPOGuid><![CDATA[{2C5521AE-C198-4C22-8378-E0268CDEAFC6}]]></GPOGuid><GPODomain><![CDATA[standard-gpo.domain]]></GPODomain><GPODomainGuid><![CDATA[{15b8ef7f-fd5a-4b30-b1ed-5b31e51e4e12}]]></GPODomainGuid><GPODomainController><![CDATA[PSC-SRV25-ADC1.standard-gpo.domain]]></GPODomainController><BackupTime><![CDATA[2025-10-06T13:03:59]]></BackupTime><ID><![CDATA[{7B251507-1C6B-49F5-8F94-7B7DD91A0715}]]></ID><Comment><![CDATA[]]></Comment><GPODisplayName><![CDATA[MS_SecurityBaseline_Computer_Global_WinComponents-DeliveryOptimization]]></GPODisplayName></BackupInst><BackupInst><GPOGuid><![CDATA[{45E0EA37-221B-49D6-9044-9EA70AE58F09}]]></GPOGuid><GPODomain><![CDATA[standard-gpo.domain]]></GPODomain><GPODomainGuid><![CDATA[{15b8ef7f-fd5a-4b30-b1ed-5b31e51e4e12}]]></GPODomainGuid><GPODomainController><![CDATA[PSC-SRV25-ADC1.standard-gpo.domain]]></GPODomainController><BackupTime><![CDATA[2025-10-06T13:03:59]]></BackupTime><ID><![CDATA[{BC96BFEB-299F-4F96-8499-3C172343FE96}]]></ID><Comment><![CDATA[]]></Comment><GPODisplayName><![CDATA[MS_SecurityBaseline_Computer_Global_WinComponents-Biometrics-FacialFeatures]]></GPODisplayName></BackupInst><BackupInst><GPOGuid><![CDATA[{12EA0833-61E6-426C-AE61-750FE07E54E3}]]></GPOGuid><GPODomain><![CDATA[standard-gpo.domain]]></GPODomain><GPODomainGuid><![CDATA[{15b8ef7f-fd5a-4b30-b1ed-5b31e51e4e12}]]></GPODomainGuid><GPODomainController><![CDATA[PSC-SRV25-ADC1.standard-gpo.domain]]></GPODomainController><BackupTime><![CDATA[2025-10-06T13:03:59]]></BackupTime><ID><![CDATA[{BEEFCD10-1856-44C5-BC76-C25DA81C1814}]]></ID><Comment><![CDATA[]]></Comment><GPODisplayName><![CDATA[MS_SecurityBaseline_Computer_Global_WinComponents-AutoPlay]]></GPODisplayName></BackupInst><BackupInst><GPOGuid><![CDATA[{26519181-39B5-4D0A-B4A7-E3D2D8113FC8}]]></GPOGuid><GPODomain><![CDATA[standard-gpo.domain]]></GPODomain><GPODomainGuid><![CDATA[{15b8ef7f-fd5a-4b30-b1ed-5b31e51e4e12}]]></GPODomainGuid><GPODomainController><![CDATA[PSC-SRV25-ADC1.standard-gpo.domain]]></GPODomainController><BackupTime><![CDATA[2025-10-06T13:03:58]]></BackupTime><ID><![CDATA[{6C4F5420-A0B5-43D8-BC03-91C175C8FD0C}]]></ID><Comment><![CDATA[]]></Comment><GPODisplayName><![CDATA[MS_SecurityBaseline_Computer_Global_Systemservice-Xbox]]></GPODisplayName></BackupInst><BackupInst><GPOGuid><![CDATA[{40B948C0-FF1E-49E7-9C14-5557CF4E1B64}]]></GPOGuid><GPODomain><![CDATA[standard-gpo.domain]]></GPODomain><GPODomainGuid><![CDATA[{15b8ef7f-fd5a-4b30-b1ed-5b31e51e4e12}]]></GPODomainGuid><GPODomainController><![CDATA[PSC-SRV25-ADC1.standard-gpo.domain]]></GPODomainController><BackupTime><![CDATA[2025-10-06T13:03:58]]></BackupTime><ID><![CDATA[{3B9275A8-F60A-444A-BCE7-CC8ACCFB9191}]]></ID><Comment><![CDATA[]]></Comment><GPODisplayName><![CDATA[MS_SecurityBaseline_Computer_Global_System-LocalSecurityAuthority]]></GPODisplayName></BackupInst><BackupInst><GPOGuid><![CDATA[{9B46E656-5111-4C86-94E6-1AF0ED095C27}]]></GPOGuid><GPODomain><![CDATA[standard-gpo.domain]]></GPODomain><GPODomainGuid><![CDATA[{15b8ef7f-fd5a-4b30-b1ed-5b31e51e4e12}]]></GPODomainGuid><GPODomainController><![CDATA[PSC-SRV25-ADC1.standard-gpo.domain]]></GPODomainController><BackupTime><![CDATA[2025-10-06T13:03:58]]></BackupTime><ID><![CDATA[{708090F9-70E0-4B3D-A0BC-F8FE1C6CE4E7}]]></ID><Comment><![CDATA[]]></Comment><GPODisplayName><![CDATA[MS_SecurityBaseline_Computer_Global_System-KernelDMAProtection]]></GPODisplayName></BackupInst><BackupInst><GPOGuid><![CDATA[{236C2FB1-9E1D-4CA2-9932-C95897441EE7}]]></GPOGuid><GPODomain><![CDATA[standard-gpo.domain]]></GPODomain><GPODomainGuid><![CDATA[{15b8ef7f-fd5a-4b30-b1ed-5b31e51e4e12}]]></GPODomainGuid><GPODomainController><![CDATA[PSC-SRV25-ADC1.standard-gpo.domain]]></GPODomainController><BackupTime><![CDATA[2025-10-06T13:03:58]]></BackupTime><ID><![CDATA[{856F2DE8-E550-4131-A065-6B917A18E5A0}]]></ID><Comment><![CDATA[]]></Comment><GPODisplayName><![CDATA[MS_SecurityBaseline_Computer_Global_System-GroupPolicy]]></GPODisplayName></BackupInst><BackupInst><GPOGuid><![CDATA[{7D25C14F-D780-44B3-8844-DC287C3B47CC}]]></GPOGuid><GPODomain><![CDATA[standard-gpo.domain]]></GPODomain><GPODomainGuid><![CDATA[{15b8ef7f-fd5a-4b30-b1ed-5b31e51e4e12}]]></GPODomainGuid><GPODomainController><![CDATA[PSC-SRV25-ADC1.standard-gpo.domain]]></GPODomainController><BackupTime><![CDATA[2025-10-06T13:03:57]]></BackupTime><ID><![CDATA[{624109B4-F423-40D4-83F8-2ACE99447F56}]]></ID><Comment><![CDATA[]]></Comment><GPODisplayName><![CDATA[MS_SecurityBaseline_Computer_Global_System-EarlyLaunchAntimalware]]></GPODisplayName></BackupInst><BackupInst><GPOGuid><![CDATA[{4919D383-55C9-4541-8302-6E4CD71CD20C}]]></GPOGuid><GPODomain><![CDATA[standard-gpo.domain]]></GPODomain><GPODomainGuid><![CDATA[{15b8ef7f-fd5a-4b30-b1ed-5b31e51e4e12}]]></GPODomainGuid><GPODomainController><![CDATA[PSC-SRV25-ADC1.standard-gpo.domain]]></GPODomainController><BackupTime><![CDATA[2025-10-06T13:03:57]]></BackupTime><ID><![CDATA[{81DF74FB-EE71-42B2-AC8A-D12DCE1A825B}]]></ID><Comment><![CDATA[]]></Comment><GPODisplayName><![CDATA[MS_SecurityBaseline_Computer_Global_Securityoption-LocalPolicies-UserRightAssignment]]></GPODisplayName></BackupInst><BackupInst><GPOGuid><![CDATA[{362400DA-C786-48FD-954C-4B8C196066FC}]]></GPOGuid><GPODomain><![CDATA[standard-gpo.domain]]></GPODomain><GPODomainGuid><![CDATA[{15b8ef7f-fd5a-4b30-b1ed-5b31e51e4e12}]]></GPODomainGuid><GPODomainController><![CDATA[PSC-SRV25-ADC1.standard-gpo.domain]]></GPODomainController><BackupTime><![CDATA[2025-10-06T13:03:57]]></BackupTime><ID><![CDATA[{12BD536B-2A25-4463-8925-D9FCB6B05F42}]]></ID><Comment><![CDATA[]]></Comment><GPODisplayName><![CDATA[MS_SecurityBaseline_Computer_Global_Securityoption-LocalPolicies-SecurityOptions]]></GPODisplayName></BackupInst><BackupInst><GPOGuid><![CDATA[{0C16A833-A289-4141-BBB1-B3BE6048609F}]]></GPOGuid><GPODomain><![CDATA[standard-gpo.domain]]></GPODomain><GPODomainGuid><![CDATA[{15b8ef7f-fd5a-4b30-b1ed-5b31e51e4e12}]]></GPODomainGuid><GPODomainController><![CDATA[PSC-SRV25-ADC1.standard-gpo.domain]]></GPODomainController><BackupTime><![CDATA[2025-10-06T13:03:56]]></BackupTime><ID><![CDATA[{3C71DDCF-9A90-42D2-809C-3455CD57FFC2}]]></ID><Comment><![CDATA[]]></Comment><GPODisplayName><![CDATA[MS_SecurityBaseline_Computer_Global_Securityoption-LocalPolicies-NetworkSecurity]]></GPODisplayName></BackupInst><BackupInst><GPOGuid><![CDATA[{94B43034-2B3A-4959-97E2-99417859C3BA}]]></GPOGuid><GPODomain><![CDATA[standard-gpo.domain]]></GPODomain><GPODomainGuid><![CDATA[{15b8ef7f-fd5a-4b30-b1ed-5b31e51e4e12}]]></GPODomainGuid><GPODomainController><![CDATA[PSC-SRV25-ADC1.standard-gpo.domain]]></GPODomainController><BackupTime><![CDATA[2025-10-06T13:03:56]]></BackupTime><ID><![CDATA[{F24081B8-7E33-41AC-8A95-2904589AC6A5}]]></ID><Comment><![CDATA[]]></Comment><GPODisplayName><![CDATA[MS_SecurityBaseline_Computer_Global_Printers]]></GPODisplayName></BackupInst><BackupInst><GPOGuid><![CDATA[{8E19CA39-358A-48CC-BDC3-64C04524E975}]]></GPOGuid><GPODomain><![CDATA[standard-gpo.domain]]></GPODomain><GPODomainGuid><![CDATA[{15b8ef7f-fd5a-4b30-b1ed-5b31e51e4e12}]]></GPODomainGuid><GPODomainController><![CDATA[PSC-SRV25-ADC1.standard-gpo.domain]]></GPODomainController><BackupTime><![CDATA[2025-10-06T13:03:56]]></BackupTime><ID><![CDATA[{38924048-0250-4FA6-8AEB-1347F88F3554}]]></ID><Comment><![CDATA[]]></Comment><GPODisplayName><![CDATA[MS_SecurityBaseline_Computer_Global_Network-NetworkProvider]]></GPODisplayName></BackupInst><BackupInst><GPOGuid><![CDATA[{B396DF2F-4B79-4CA2-A495-2DBABBA699D8}]]></GPOGuid><GPODomain><![CDATA[standard-gpo.domain]]></GPODomain><GPODomainGuid><![CDATA[{15b8ef7f-fd5a-4b30-b1ed-5b31e51e4e12}]]></GPODomainGuid><GPODomainController><![CDATA[PSC-SRV25-ADC1.standard-gpo.domain]]></GPODomainController><BackupTime><![CDATA[2025-10-06T13:03:55]]></BackupTime><ID><![CDATA[{63202AE1-B42A-4937-9901-BD8270FC231B}]]></ID><Comment><![CDATA[]]></Comment><GPODisplayName><![CDATA[MS_SecurityBaseline_Computer_Global_Network-Lanman]]></GPODisplayName></BackupInst><BackupInst><GPOGuid><![CDATA[{A688C87F-BF2C-4BDC-88ED-FEA487C03DFB}]]></GPOGuid><GPODomain><![CDATA[standard-gpo.domain]]></GPODomain><GPODomainGuid><![CDATA[{15b8ef7f-fd5a-4b30-b1ed-5b31e51e4e12}]]></GPODomainGuid><GPODomainController><![CDATA[PSC-SRV25-ADC1.standard-gpo.domain]]></GPODomainController><BackupTime><![CDATA[2025-10-06T13:03:55]]></BackupTime><ID><![CDATA[{E9B99579-C5A3-4BA3-B6F4-973932F73418}]]></ID><Comment><![CDATA[]]></Comment><GPODisplayName><![CDATA[MS_SecurityBaseline_Computer_Global_Network-DNSClient]]></GPODisplayName></BackupInst><BackupInst><GPOGuid><![CDATA[{A795DE19-D456-4DBC-905C-71F2D071DABF}]]></GPOGuid><GPODomain><![CDATA[standard-gpo.domain]]></GPODomain><GPODomainGuid><![CDATA[{15b8ef7f-fd5a-4b30-b1ed-5b31e51e4e12}]]></GPODomainGuid><GPODomainController><![CDATA[PSC-SRV25-ADC1.standard-gpo.domain]]></GPODomainController><BackupTime><![CDATA[2025-10-06T13:03:55]]></BackupTime><ID><![CDATA[{F947AD41-233E-45F5-A6AF-740F01343C17}]]></ID><Comment><![CDATA[]]></Comment><GPODisplayName><![CDATA[MS_SecurityBaseline_Computer_Global_MSSecurityGuide]]></GPODisplayName></BackupInst><BackupInst><GPOGuid><![CDATA[{C2774A5A-09BB-4638-9015-141F01088452}]]></GPOGuid><GPODomain><![CDATA[standard-gpo.domain]]></GPODomain><GPODomainGuid><![CDATA[{15b8ef7f-fd5a-4b30-b1ed-5b31e51e4e12}]]></GPODomainGuid><GPODomainController><![CDATA[PSC-SRV25-ADC1.standard-gpo.domain]]></GPODomainController><BackupTime><![CDATA[2025-10-06T13:03:55]]></BackupTime><ID><![CDATA[{B4468AB0-93B6-4CEC-B2EC-3956D7ED5279}]]></ID><Comment><![CDATA[]]></Comment><GPODisplayName><![CDATA[MS_SecurityBaseline_Computer_Global_MSS]]></GPODisplayName></BackupInst><BackupInst><GPOGuid><![CDATA[{C2073BEB-2F4F-4A32-803A-D810D0F82479}]]></GPOGuid><GPODomain><![CDATA[standard-gpo.domain]]></GPODomain><GPODomainGuid><![CDATA[{15b8ef7f-fd5a-4b30-b1ed-5b31e51e4e12}]]></GPODomainGuid><GPODomainController><![CDATA[PSC-SRV25-ADC1.standard-gpo.domain]]></GPODomainController><BackupTime><![CDATA[2025-10-06T13:03:54]]></BackupTime><ID><![CDATA[{512B262D-C52A-4A4B-A93B-B965E09F1476}]]></ID><Comment><![CDATA[]]></Comment><GPODisplayName><![CDATA[MS_SecurityBaseline_Computer_Global_ControlPanel-Personalization]]></GPODisplayName></BackupInst><BackupInst><GPOGuid><![CDATA[{F303388F-86E0-423C-AAFE-113C3B129A08}]]></GPOGuid><GPODomain><![CDATA[standard-gpo.domain]]></GPODomain><GPODomainGuid><![CDATA[{15b8ef7f-fd5a-4b30-b1ed-5b31e51e4e12}]]></GPODomainGuid><GPODomainController><![CDATA[PSC-SRV25-ADC1.standard-gpo.domain]]></GPODomainController><BackupTime><![CDATA[2025-10-06T13:03:54]]></BackupTime><ID><![CDATA[{6D7C90AF-57A6-43F7-B757-53EE82FC7D47}]]></ID><Comment><![CDATA[]]></Comment><GPODisplayName><![CDATA[MS_SecurityBaseline_Computer_DC_System-DeviceGuard]]></GPODisplayName></BackupInst><BackupInst><GPOGuid><![CDATA[{FD4FBF6F-61E3-4852-A32A-C9EDFE85A9C1}]]></GPOGuid><GPODomain><![CDATA[standard-gpo.domain]]></GPODomain><GPODomainGuid><![CDATA[{15b8ef7f-fd5a-4b30-b1ed-5b31e51e4e12}]]></GPODomainGuid><GPODomainController><![CDATA[PSC-SRV25-ADC1.standard-gpo.domain]]></GPODomainController><BackupTime><![CDATA[2025-10-06T13:03:54]]></BackupTime><ID><![CDATA[{51C8A6F2-2286-4C4A-9FB5-182753B43E55}]]></ID><Comment><![CDATA[]]></Comment><GPODisplayName><![CDATA[MS_SecurityBaseline_Computer_Client-Server_System-RPC]]></GPODisplayName></BackupInst><BackupInst><GPOGuid><![CDATA[{28B84274-B4E9-40B7-8980-94B19A9E39F5}]]></GPOGuid><GPODomain><![CDATA[standard-gpo.domain]]></GPODomain><GPODomainGuid><![CDATA[{15b8ef7f-fd5a-4b30-b1ed-5b31e51e4e12}]]></GPODomainGuid><GPODomainController><![CDATA[PSC-SRV25-ADC1.standard-gpo.domain]]></GPODomainController><BackupTime><![CDATA[2025-10-06T13:03:54]]></BackupTime><ID><![CDATA[{55A6D183-D475-4430-BF53-1AE93B707743}]]></ID><Comment><![CDATA[]]></Comment><GPODisplayName><![CDATA[MS_SecurityBaseline_Computer_Client-Server_System-Logon]]></GPODisplayName></BackupInst><BackupInst><GPOGuid><![CDATA[{E460327E-F944-4EEE-96F3-08A24736EB5C}]]></GPOGuid><GPODomain><![CDATA[standard-gpo.domain]]></GPODomain><GPODomainGuid><![CDATA[{15b8ef7f-fd5a-4b30-b1ed-5b31e51e4e12}]]></GPODomainGuid><GPODomainController><![CDATA[PSC-SRV25-ADC1.standard-gpo.domain]]></GPODomainController><BackupTime><![CDATA[2025-10-06T13:03:53]]></BackupTime><ID><![CDATA[{151BC606-42BC-414E-9CAA-FDFD7AA20C51}]]></ID><Comment><![CDATA[]]></Comment><GPODisplayName><![CDATA[MS_SecurityBaseline_Computer_Client-Server_System-DeviceGuard]]></GPODisplayName></BackupInst><BackupInst><GPOGuid><![CDATA[{38C3F4CC-15CC-4496-B5C1-8FF2B83AB98C}]]></GPOGuid><GPODomain><![CDATA[standard-gpo.domain]]></GPODomain><GPODomainGuid><![CDATA[{15b8ef7f-fd5a-4b30-b1ed-5b31e51e4e12}]]></GPODomainGuid><GPODomainController><![CDATA[PSC-SRV25-ADC1.standard-gpo.domain]]></GPODomainController><BackupTime><![CDATA[2025-10-06T13:03:53]]></BackupTime><ID><![CDATA[{249255A2-DC60-4D2D-B9E3-69DE1EBD8DAD}]]></ID><Comment><![CDATA[]]></Comment><GPODisplayName><![CDATA[EF_User_Touch_Registry-TouchMode]]></GPODisplayName></BackupInst><BackupInst><GPOGuid><![CDATA[{3A45F1E7-BE3A-41C5-8D1C-685C9DE5F9D2}]]></GPOGuid><GPODomain><![CDATA[standard-gpo.domain]]></GPODomain><GPODomainGuid><![CDATA[{15b8ef7f-fd5a-4b30-b1ed-5b31e51e4e12}]]></GPODomainGuid><GPODomainController><![CDATA[PSC-SRV25-ADC1.standard-gpo.domain]]></GPODomainController><BackupTime><![CDATA[2025-10-06T13:03:53]]></BackupTime><ID><![CDATA[{36BEF6FC-11C7-44B0-9C9D-8DB576756B6B}]]></ID><Comment><![CDATA[]]></Comment><GPODisplayName><![CDATA[EF_User_Touch_Registry-Scrollbar]]></GPODisplayName></BackupInst><BackupInst><GPOGuid><![CDATA[{52355A4A-CF09-4096-BF72-52ADA7648BC1}]]></GPOGuid><GPODomain><![CDATA[standard-gpo.domain]]></GPODomain><GPODomainGuid><![CDATA[{15b8ef7f-fd5a-4b30-b1ed-5b31e51e4e12}]]></GPODomainGuid><GPODomainController><![CDATA[PSC-SRV25-ADC1.standard-gpo.domain]]></GPODomainController><BackupTime><![CDATA[2025-10-06T13:03:52]]></BackupTime><ID><![CDATA[{3B4690C0-B8C0-4EE0-BF31-1F28CC979C58}]]></ID><Comment><![CDATA[]]></Comment><GPODisplayName><![CDATA[EF_User_Touch_Registry-MouseEmulation]]></GPODisplayName></BackupInst><BackupInst><GPOGuid><![CDATA[{88EB9E1A-B249-411C-B888-C579B6B75508}]]></GPOGuid><GPODomain><![CDATA[standard-gpo.domain]]></GPODomain><GPODomainGuid><![CDATA[{15b8ef7f-fd5a-4b30-b1ed-5b31e51e4e12}]]></GPODomainGuid><GPODomainController><![CDATA[PSC-SRV25-ADC1.standard-gpo.domain]]></GPODomainController><BackupTime><![CDATA[2025-10-06T13:03:52]]></BackupTime><ID><![CDATA[{319CA307-42C3-4380-89AB-8855AA428B9E}]]></ID><Comment><![CDATA[]]></Comment><GPODisplayName><![CDATA[EF_User_DomainUser_SetDisplayScaling-100]]></GPODisplayName></BackupInst><BackupInst><GPOGuid><![CDATA[{D8DE3FCE-9CDD-487D-BF32-8D26CBFD8887}]]></GPOGuid><GPODomain><![CDATA[standard-gpo.domain]]></GPODomain><GPODomainGuid><![CDATA[{15b8ef7f-fd5a-4b30-b1ed-5b31e51e4e12}]]></GPODomainGuid><GPODomainController><![CDATA[PSC-SRV25-ADC1.standard-gpo.domain]]></GPODomainController><BackupTime><![CDATA[2025-10-06T13:03:52]]></BackupTime><ID><![CDATA[{282B8B6A-2234-4713-A34F-EADE38767FFF}]]></ID><Comment><![CDATA[]]></Comment><GPODisplayName><![CDATA[EF_User_DomainUser_ControlPanel-Personalization_SetScreensaver]]></GPODisplayName></BackupInst><BackupInst><GPOGuid><![CDATA[{70F01FB1-A47A-4916-B8A8-EBC4C30970A3}]]></GPOGuid><GPODomain><![CDATA[standard-gpo.domain]]></GPODomain><GPODomainGuid><![CDATA[{15b8ef7f-fd5a-4b30-b1ed-5b31e51e4e12}]]></GPODomainGuid><GPODomainController><![CDATA[PSC-SRV25-ADC1.standard-gpo.domain]]></GPODomainController><BackupTime><![CDATA[2025-10-06T13:03:51]]></BackupTime><ID><![CDATA[{C31619F5-7F89-478E-8413-793FE7A159E9}]]></ID><Comment><![CDATA[]]></Comment><GPODisplayName><![CDATA[EF_User_Admin_ControlPanel-Personalization_SetScreensaver]]></GPODisplayName></BackupInst><BackupInst><GPOGuid><![CDATA[{304DA8A1-121C-4639-975A-C433AE5F85E5}]]></GPOGuid><GPODomain><![CDATA[standard-gpo.domain]]></GPODomain><GPODomainGuid><![CDATA[{15b8ef7f-fd5a-4b30-b1ed-5b31e51e4e12}]]></GPODomainGuid><GPODomainController><![CDATA[PSC-SRV25-ADC1.standard-gpo.domain]]></GPODomainController><BackupTime><![CDATA[2025-10-06T13:03:51]]></BackupTime><ID><![CDATA[{756D6D6D-1596-4969-8EE6-A6FE88ED74E9}]]></ID><Comment><![CDATA[]]></Comment><GPODisplayName><![CDATA[EF_SecurityBaseline_User_Touch_WinComponents-TabletPC]]></GPODisplayName></BackupInst><BackupInst><GPOGuid><![CDATA[{E313F89D-8D6C-4308-992D-0F96D8C5A0DD}]]></GPOGuid><GPODomain><![CDATA[standard-gpo.domain]]></GPODomain><GPODomainGuid><![CDATA[{15b8ef7f-fd5a-4b30-b1ed-5b31e51e4e12}]]></GPODomainGuid><GPODomainController><![CDATA[PSC-SRV25-ADC1.standard-gpo.domain]]></GPODomainController><BackupTime><![CDATA[2025-10-06T13:03:51]]></BackupTime><ID><![CDATA[{C7B9CCEF-F07F-45EE-A95D-2F16E64FDD8B}]]></ID><Comment><![CDATA[]]></Comment><GPODisplayName><![CDATA[EF_SecurityBaseline_User_Touch_WinComponents-FileExplorer]]></GPODisplayName></BackupInst><BackupInst><GPOGuid><![CDATA[{380924ED-741B-48BC-9C29-5C8EAB5399D9}]]></GPOGuid><GPODomain><![CDATA[standard-gpo.domain]]></GPODomain><GPODomainGuid><![CDATA[{15b8ef7f-fd5a-4b30-b1ed-5b31e51e4e12}]]></GPODomainGuid><GPODomainController><![CDATA[PSC-SRV25-ADC1.standard-gpo.domain]]></GPODomainController><BackupTime><![CDATA[2025-10-06T13:03:51]]></BackupTime><ID><![CDATA[{14F9E55F-234D-48B4-AE42-38BAAB8D245B}]]></ID><Comment><![CDATA[]]></Comment><GPODisplayName><![CDATA[EF_SecurityBaseline_User_Touch_System]]></GPODisplayName></BackupInst><BackupInst><GPOGuid><![CDATA[{015EAF91-4C36-46F8-96C0-911B4CE81BCA}]]></GPOGuid><GPODomain><![CDATA[standard-gpo.domain]]></GPODomain><GPODomainGuid><![CDATA[{15b8ef7f-fd5a-4b30-b1ed-5b31e51e4e12}]]></GPODomainGuid><GPODomainController><![CDATA[PSC-SRV25-ADC1.standard-gpo.domain]]></GPODomainController><BackupTime><![CDATA[2025-10-06T13:03:50]]></BackupTime><ID><![CDATA[{6679B62A-D961-4221-B289-41C138BC1C25}]]></ID><Comment><![CDATA[]]></Comment><GPODisplayName><![CDATA[EF_SecurityBaseline_User_Touch_Restrictions]]></GPODisplayName></BackupInst><BackupInst><GPOGuid><![CDATA[{A3BC51E4-26C8-4F14-AB67-361D34E9D7AF}]]></GPOGuid><GPODomain><![CDATA[standard-gpo.domain]]></GPODomain><GPODomainGuid><![CDATA[{15b8ef7f-fd5a-4b30-b1ed-5b31e51e4e12}]]></GPODomainGuid><GPODomainController><![CDATA[PSC-SRV25-ADC1.standard-gpo.domain]]></GPODomainController><BackupTime><![CDATA[2025-10-06T13:03:50]]></BackupTime><ID><![CDATA[{DFF26185-F86E-4F18-8B95-0870ED02C569}]]></ID><Comment><![CDATA[]]></Comment><GPODisplayName><![CDATA[EF_SecurityBaseline_User_Global_WinComponents-WindowsCopilot]]></GPODisplayName></BackupInst><BackupInst><GPOGuid><![CDATA[{F2357DAF-C0EB-4AEA-A6E6-C099BDEDD9CA}]]></GPOGuid><GPODomain><![CDATA[standard-gpo.domain]]></GPODomain><GPODomainGuid><![CDATA[{15b8ef7f-fd5a-4b30-b1ed-5b31e51e4e12}]]></GPODomainGuid><GPODomainController><![CDATA[PSC-SRV25-ADC1.standard-gpo.domain]]></GPODomainController><BackupTime><![CDATA[2025-10-06T13:03:50]]></BackupTime><ID><![CDATA[{ACC922B5-2BFF-4589-9F41-ECA8D6B27FD9}]]></ID><Comment><![CDATA[]]></Comment><GPODisplayName><![CDATA[EF_SecurityBaseline_User_Global_MicrosoftOffice]]></GPODisplayName></BackupInst><BackupInst><GPOGuid><![CDATA[{43DD49F1-113C-446D-A1DD-66F17A97CD8C}]]></GPOGuid><GPODomain><![CDATA[standard-gpo.domain]]></GPODomain><GPODomainGuid><![CDATA[{15b8ef7f-fd5a-4b30-b1ed-5b31e51e4e12}]]></GPODomainGuid><GPODomainController><![CDATA[PSC-SRV25-ADC1.standard-gpo.domain]]></GPODomainController><BackupTime><![CDATA[2025-10-06T13:03:49]]></BackupTime><ID><![CDATA[{BAD3DCA3-F42C-412D-BA55-CD23139C0AA1}]]></ID><Comment><![CDATA[]]></Comment><GPODisplayName><![CDATA[EF_SecurityBaseline_User_Global_Desktop-ActiveDirectory]]></GPODisplayName></BackupInst><BackupInst><GPOGuid><![CDATA[{16E57752-AC19-44A9-B116-C9D8572F9608}]]></GPOGuid><GPODomain><![CDATA[standard-gpo.domain]]></GPODomain><GPODomainGuid><![CDATA[{15b8ef7f-fd5a-4b30-b1ed-5b31e51e4e12}]]></GPODomainGuid><GPODomainController><![CDATA[PSC-SRV25-ADC1.standard-gpo.domain]]></GPODomainController><BackupTime><![CDATA[2025-10-06T13:03:49]]></BackupTime><ID><![CDATA[{26908ACF-00C3-45BC-B289-18935B87AA44}]]></ID><Comment><![CDATA[]]></Comment><GPODisplayName><![CDATA[EF_SecurityBaseline_User_DomainUser_WinComponents-InternetExplorer]]></GPODisplayName></BackupInst><BackupInst><GPOGuid><![CDATA[{6B5340C5-8B62-4F49-8F47-16822819E697}]]></GPOGuid><GPODomain><![CDATA[standard-gpo.domain]]></GPODomain><GPODomainGuid><![CDATA[{15b8ef7f-fd5a-4b30-b1ed-5b31e51e4e12}]]></GPODomainGuid><GPODomainController><![CDATA[PSC-SRV25-ADC1.standard-gpo.domain]]></GPODomainController><BackupTime><![CDATA[2025-10-06T13:03:49]]></BackupTime><ID><![CDATA[{49DFFA02-EE73-42FC-92FB-29F9FC4EA2FB}]]></ID><Comment><![CDATA[]]></Comment><GPODisplayName><![CDATA[EF_SecurityBaseline_User_DomainUser_WinComponents-FileExplorer]]></GPODisplayName></BackupInst><BackupInst><GPOGuid><![CDATA[{C4106B37-F076-4F27-A75B-BA7C33FCB67B}]]></GPOGuid><GPODomain><![CDATA[standard-gpo.domain]]></GPODomain><GPODomainGuid><![CDATA[{15b8ef7f-fd5a-4b30-b1ed-5b31e51e4e12}]]></GPODomainGuid><GPODomainController><![CDATA[PSC-SRV25-ADC1.standard-gpo.domain]]></GPODomainController><BackupTime><![CDATA[2025-10-06T13:03:49]]></BackupTime><ID><![CDATA[{B7B15983-1C5E-47B8-BFD5-523588CE4AEF}]]></ID><Comment><![CDATA[]]></Comment><GPODisplayName><![CDATA[EF_SecurityBaseline_User_DomainUser_WinComponents-CloudContent]]></GPODisplayName></BackupInst><BackupInst><GPOGuid><![CDATA[{900464EB-B7EA-4DD0-8676-13B921C4630A}]]></GPOGuid><GPODomain><![CDATA[standard-gpo.domain]]></GPODomain><GPODomainGuid><![CDATA[{15b8ef7f-fd5a-4b30-b1ed-5b31e51e4e12}]]></GPODomainGuid><GPODomainController><![CDATA[PSC-SRV25-ADC1.standard-gpo.domain]]></GPODomainController><BackupTime><![CDATA[2025-10-06T13:03:48]]></BackupTime><ID><![CDATA[{172A4E9E-7D87-43D5-BCAD-F665A18BF73D}]]></ID><Comment><![CDATA[]]></Comment><GPODisplayName><![CDATA[EF_SecurityBaseline_User_DomainUser_WinComponents-AddFeaturesW10]]></GPODisplayName></BackupInst><BackupInst><GPOGuid><![CDATA[{00A0A450-EA52-4AD1-AE7C-8C0F628DD626}]]></GPOGuid><GPODomain><![CDATA[standard-gpo.domain]]></GPODomain><GPODomainGuid><![CDATA[{15b8ef7f-fd5a-4b30-b1ed-5b31e51e4e12}]]></GPODomainGuid><GPODomainController><![CDATA[PSC-SRV25-ADC1.standard-gpo.domain]]></GPODomainController><BackupTime><![CDATA[2025-10-06T13:03:48]]></BackupTime><ID><![CDATA[{A24F0493-C06F-4338-BF3C-E943BC5D5182}]]></ID><Comment><![CDATA[]]></Comment><GPODisplayName><![CDATA[EF_SecurityBaseline_User_DomainUser_System]]></GPODisplayName></BackupInst><BackupInst><GPOGuid><![CDATA[{C1EAD4EE-EB32-41BF-8D60-6F64B7D68BDF}]]></GPOGuid><GPODomain><![CDATA[standard-gpo.domain]]></GPODomain><GPODomainGuid><![CDATA[{15b8ef7f-fd5a-4b30-b1ed-5b31e51e4e12}]]></GPODomainGuid><GPODomainController><![CDATA[PSC-SRV25-ADC1.standard-gpo.domain]]></GPODomainController><BackupTime><![CDATA[2025-10-06T13:03:48]]></BackupTime><ID><![CDATA[{A34274D7-6F58-45F2-A875-1260C554A96A}]]></ID><Comment><![CDATA[]]></Comment><GPODisplayName><![CDATA[EF_SecurityBaseline_User_DomainUser_StartmenuTaskbar]]></GPODisplayName></BackupInst><BackupInst><GPOGuid><![CDATA[{154B1493-20DD-4292-AF94-0F378EEFD7A6}]]></GPOGuid><GPODomain><![CDATA[standard-gpo.domain]]></GPODomain><GPODomainGuid><![CDATA[{15b8ef7f-fd5a-4b30-b1ed-5b31e51e4e12}]]></GPODomainGuid><GPODomainController><![CDATA[PSC-SRV25-ADC1.standard-gpo.domain]]></GPODomainController><BackupTime><![CDATA[2025-10-06T13:03:48]]></BackupTime><ID><![CDATA[{DAF5F960-CE65-4119-B72F-887A62634CFC}]]></ID><Comment><![CDATA[]]></Comment><GPODisplayName><![CDATA[EF_SecurityBaseline_User_DomainUser_Desktop]]></GPODisplayName></BackupInst><BackupInst><GPOGuid><![CDATA[{06CDE8B7-EBF2-4908-B519-B2DF6307BBCE}]]></GPOGuid><GPODomain><![CDATA[standard-gpo.domain]]></GPODomain><GPODomainGuid><![CDATA[{15b8ef7f-fd5a-4b30-b1ed-5b31e51e4e12}]]></GPODomainGuid><GPODomainController><![CDATA[PSC-SRV25-ADC1.standard-gpo.domain]]></GPODomainController><BackupTime><![CDATA[2025-10-06T13:03:47]]></BackupTime><ID><![CDATA[{F0D4DB30-CA0B-4E2A-BC5D-E44BE8A4B19D}]]></ID><Comment><![CDATA[]]></Comment><GPODisplayName><![CDATA[EF_SecurityBaseline_User_DomainUser_ControlPanel_AllowMouseSettingsOnly]]></GPODisplayName></BackupInst><BackupInst><GPOGuid><![CDATA[{6F3A6E47-490D-4771-A3AF-50B0D5F7D499}]]></GPOGuid><GPODomain><![CDATA[standard-gpo.domain]]></GPODomain><GPODomainGuid><![CDATA[{15b8ef7f-fd5a-4b30-b1ed-5b31e51e4e12}]]></GPODomainGuid><GPODomainController><![CDATA[PSC-SRV25-ADC1.standard-gpo.domain]]></GPODomainController><BackupTime><![CDATA[2025-10-06T13:03:47]]></BackupTime><ID><![CDATA[{A2ED8ADA-ABCC-4D77-8774-C96039AB3737}]]></ID><Comment><![CDATA[]]></Comment><GPODisplayName><![CDATA[EF_SecurityBaseline_User_Dispo_WinComponents-Search]]></GPODisplayName></BackupInst><BackupInst><GPOGuid><![CDATA[{0A3BB4BD-5DFC-45C9-ABF3-4AD18AC851D1}]]></GPOGuid><GPODomain><![CDATA[standard-gpo.domain]]></GPODomain><GPODomainGuid><![CDATA[{15b8ef7f-fd5a-4b30-b1ed-5b31e51e4e12}]]></GPODomainGuid><GPODomainController><![CDATA[PSC-SRV25-ADC1.standard-gpo.domain]]></GPODomainController><BackupTime><![CDATA[2025-10-06T13:03:47]]></BackupTime><ID><![CDATA[{1BCF815A-8F42-4698-B6F0-3084F3CBC51B}]]></ID><Comment><![CDATA[]]></Comment><GPODisplayName><![CDATA[EF_SecurityBaseline_User_Dispo_WinComponents-LocationAndSensors]]></GPODisplayName></BackupInst><BackupInst><GPOGuid><![CDATA[{BE7537BE-3D53-490D-8668-AD97BA57522B}]]></GPOGuid><GPODomain><![CDATA[standard-gpo.domain]]></GPODomain><GPODomainGuid><![CDATA[{15b8ef7f-fd5a-4b30-b1ed-5b31e51e4e12}]]></GPODomainGuid><GPODomainController><![CDATA[PSC-SRV25-ADC1.standard-gpo.domain]]></GPODomainController><BackupTime><![CDATA[2025-10-06T13:03:46]]></BackupTime><ID><![CDATA[{2DCBAF40-E055-4DC0-814B-EA61F76ECA46}]]></ID><Comment><![CDATA[]]></Comment><GPODisplayName><![CDATA[EF_SecurityBaseline_User_Dispo_System]]></GPODisplayName></BackupInst><BackupInst><GPOGuid><![CDATA[{9D1B4E07-DA96-4ECF-B0FA-154736C9E5BA}]]></GPOGuid><GPODomain><![CDATA[standard-gpo.domain]]></GPODomain><GPODomainGuid><![CDATA[{15b8ef7f-fd5a-4b30-b1ed-5b31e51e4e12}]]></GPODomainGuid><GPODomainController><![CDATA[PSC-SRV25-ADC1.standard-gpo.domain]]></GPODomainController><BackupTime><![CDATA[2025-10-06T13:03:46]]></BackupTime><ID><![CDATA[{314A3DDC-59AF-4BE0-B911-85A4C84CE421}]]></ID><Comment><![CDATA[]]></Comment><GPODisplayName><![CDATA[EF_SecurityBaseline_User_Dispo_StartmenuTaskbar]]></GPODisplayName></BackupInst><BackupInst><GPOGuid><![CDATA[{26D8953B-837B-4DF1-925E-5F8CE1576117}]]></GPOGuid><GPODomain><![CDATA[standard-gpo.domain]]></GPODomain><GPODomainGuid><![CDATA[{15b8ef7f-fd5a-4b30-b1ed-5b31e51e4e12}]]></GPODomainGuid><GPODomainController><![CDATA[PSC-SRV25-ADC1.standard-gpo.domain]]></GPODomainController><BackupTime><![CDATA[2025-10-06T13:03:46]]></BackupTime><ID><![CDATA[{4959189B-86BF-476B-B56F-812A9DA97A56}]]></ID><Comment><![CDATA[]]></Comment><GPODisplayName><![CDATA[EF_SecurityBaseline_Default Domain Policy]]></GPODisplayName></BackupInst><BackupInst><GPOGuid><![CDATA[{014BF789-AC31-4F68-ACD3-EC352770537C}]]></GPOGuid><GPODomain><![CDATA[standard-gpo.domain]]></GPODomain><GPODomainGuid><![CDATA[{15b8ef7f-fd5a-4b30-b1ed-5b31e51e4e12}]]></GPODomainGuid><GPODomainController><![CDATA[PSC-SRV25-ADC1.standard-gpo.domain]]></GPODomainController><BackupTime><![CDATA[2025-10-06T13:03:45]]></BackupTime><ID><![CDATA[{21E8148B-63C6-4A22-85A8-EE49CBA85DD5}]]></ID><Comment><![CDATA[]]></Comment><GPODisplayName><![CDATA[EF_SecurityBaseline_Default Domain Controllers Policy]]></GPODisplayName></BackupInst><BackupInst><GPOGuid><![CDATA[{CF12770B-B5DF-4E42-8A29-6437D8404210}]]></GPOGuid><GPODomain><![CDATA[standard-gpo.domain]]></GPODomain><GPODomainGuid><![CDATA[{15b8ef7f-fd5a-4b30-b1ed-5b31e51e4e12}]]></GPODomainGuid><GPODomainController><![CDATA[PSC-SRV25-ADC1.standard-gpo.domain]]></GPODomainController><BackupTime><![CDATA[2025-10-06T13:03:45]]></BackupTime><ID><![CDATA[{7B64DEE2-4051-4C5E-B78D-F48C6595CB70}]]></ID><Comment><![CDATA[]]></Comment><GPODisplayName><![CDATA[EF_SecurityBaseline_Computer_Global_WinComponents-OneDrive]]></GPODisplayName></BackupInst><BackupInst><GPOGuid><![CDATA[{2CFA4273-1BA6-4E89-898D-90FB1F93EBE5}]]></GPOGuid><GPODomain><![CDATA[standard-gpo.domain]]></GPODomain><GPODomainGuid><![CDATA[{15b8ef7f-fd5a-4b30-b1ed-5b31e51e4e12}]]></GPODomainGuid><GPODomainController><![CDATA[PSC-SRV25-ADC1.standard-gpo.domain]]></GPODomainController><BackupTime><![CDATA[2025-10-06T13:03:45]]></BackupTime><ID><![CDATA[{B5A24AB6-1294-4712-BBB4-3414178E64CF}]]></ID><Comment><![CDATA[]]></Comment><GPODisplayName><![CDATA[EF_SecurityBaseline_Computer_Global_WinComponents-LocationAndSensors]]></GPODisplayName></BackupInst><BackupInst><GPOGuid><![CDATA[{40707C6E-F750-46B2-A65C-F445694BCFBD}]]></GPOGuid><GPODomain><![CDATA[standard-gpo.domain]]></GPODomain><GPODomainGuid><![CDATA[{15b8ef7f-fd5a-4b30-b1ed-5b31e51e4e12}]]></GPODomainGuid><GPODomainController><![CDATA[PSC-SRV25-ADC1.standard-gpo.domain]]></GPODomainController><BackupTime><![CDATA[2025-10-06T13:03:44]]></BackupTime><ID><![CDATA[{5CC6F73E-599B-41A4-858F-028F8E730C05}]]></ID><Comment><![CDATA[]]></Comment><GPODisplayName><![CDATA[EF_SecurityBaseline_Computer_Global_WinComponents-FileExplorer]]></GPODisplayName></BackupInst><BackupInst><GPOGuid><![CDATA[{2C8FC9B4-191C-4217-8C6D-816BC518DDDE}]]></GPOGuid><GPODomain><![CDATA[standard-gpo.domain]]></GPODomain><GPODomainGuid><![CDATA[{15b8ef7f-fd5a-4b30-b1ed-5b31e51e4e12}]]></GPODomainGuid><GPODomainController><![CDATA[PSC-SRV25-ADC1.standard-gpo.domain]]></GPODomainController><BackupTime><![CDATA[2025-10-06T13:03:44]]></BackupTime><ID><![CDATA[{FE4600DB-E63E-420C-8E4B-D969ED78BD63}]]></ID><Comment><![CDATA[]]></Comment><GPODisplayName><![CDATA[EF_SecurityBaseline_Computer_Global_System-KDC-Kerberos]]></GPODisplayName></BackupInst><BackupInst><GPOGuid><![CDATA[{BDA5E4FD-2778-48E4-8D54-6F44CE941BAE}]]></GPOGuid><GPODomain><![CDATA[standard-gpo.domain]]></GPODomain><GPODomainGuid><![CDATA[{15b8ef7f-fd5a-4b30-b1ed-5b31e51e4e12}]]></GPODomainGuid><GPODomainController><![CDATA[PSC-SRV25-ADC1.standard-gpo.domain]]></GPODomainController><BackupTime><![CDATA[2025-10-06T13:03:44]]></BackupTime><ID><![CDATA[{7046BB7C-3067-44C0-A875-91B6AE5B115E}]]></ID><Comment><![CDATA[]]></Comment><GPODisplayName><![CDATA[EF_SecurityBaseline_Computer_Global_System-CredentialDelegation]]></GPODisplayName></BackupInst><BackupInst><GPOGuid><![CDATA[{709CE836-299A-48A9-A5D9-5AE8F605E6C1}]]></GPOGuid><GPODomain><![CDATA[standard-gpo.domain]]></GPODomain><GPODomainGuid><![CDATA[{15b8ef7f-fd5a-4b30-b1ed-5b31e51e4e12}]]></GPODomainGuid><GPODomainController><![CDATA[PSC-SRV25-ADC1.standard-gpo.domain]]></GPODomainController><BackupTime><![CDATA[2025-10-06T13:03:44]]></BackupTime><ID><![CDATA[{58832DD8-C067-4A20-875A-D2CC9E1EB14E}]]></ID><Comment><![CDATA[]]></Comment><GPODisplayName><![CDATA[EF_SecurityBaseline_Computer_Global_System]]></GPODisplayName></BackupInst><BackupInst><GPOGuid><![CDATA[{078B7336-BFA9-401E-9358-793965C226B5}]]></GPOGuid><GPODomain><![CDATA[standard-gpo.domain]]></GPODomain><GPODomainGuid><![CDATA[{15b8ef7f-fd5a-4b30-b1ed-5b31e51e4e12}]]></GPODomainGuid><GPODomainController><![CDATA[PSC-SRV25-ADC1.standard-gpo.domain]]></GPODomainController><BackupTime><![CDATA[2025-10-06T13:03:43]]></BackupTime><ID><![CDATA[{6DDBE2C5-6CC0-4F75-87E2-6E6234C5D8ED}]]></ID><Comment><![CDATA[]]></Comment><GPODisplayName><![CDATA[EF_SecurityBaseline_Computer_Global_Securityoption-Systemservice-WinRM]]></GPODisplayName></BackupInst><BackupInst><GPOGuid><![CDATA[{DFBC18B5-F68A-4B10-8C76-DB5E9BCE3C8A}]]></GPOGuid><GPODomain><![CDATA[standard-gpo.domain]]></GPODomain><GPODomainGuid><![CDATA[{15b8ef7f-fd5a-4b30-b1ed-5b31e51e4e12}]]></GPODomainGuid><GPODomainController><![CDATA[PSC-SRV25-ADC1.standard-gpo.domain]]></GPODomainController><BackupTime><![CDATA[2025-10-06T13:03:43]]></BackupTime><ID><![CDATA[{12D3D551-E02A-4341-940D-D80AE2FED84F}]]></ID><Comment><![CDATA[]]></Comment><GPODisplayName><![CDATA[EF_SecurityBaseline_Computer_Global_Securityoptions-WindowsFirewall]]></GPODisplayName></BackupInst><BackupInst><GPOGuid><![CDATA[{9E7C02D1-0189-41A3-B4EF-3D5F137FE782}]]></GPOGuid><GPODomain><![CDATA[standard-gpo.domain]]></GPODomain><GPODomainGuid><![CDATA[{15b8ef7f-fd5a-4b30-b1ed-5b31e51e4e12}]]></GPODomainGuid><GPODomainController><![CDATA[PSC-SRV25-ADC1.standard-gpo.domain]]></GPODomainController><BackupTime><![CDATA[2025-10-06T13:03:43]]></BackupTime><ID><![CDATA[{78736F9E-1980-494C-B2F3-2DFA233B58EA}]]></ID><Comment><![CDATA[]]></Comment><GPODisplayName><![CDATA[EF_SecurityBaseline_Computer_Global_Securityoption-PowershellAudit]]></GPODisplayName></BackupInst><BackupInst><GPOGuid><![CDATA[{D9BEE50D-4CC0-47AB-AE72-AD6A74E3E497}]]></GPOGuid><GPODomain><![CDATA[standard-gpo.domain]]></GPODomain><GPODomainGuid><![CDATA[{15b8ef7f-fd5a-4b30-b1ed-5b31e51e4e12}]]></GPODomainGuid><GPODomainController><![CDATA[PSC-SRV25-ADC1.standard-gpo.domain]]></GPODomainController><BackupTime><![CDATA[2025-10-06T13:03:42]]></BackupTime><ID><![CDATA[{05AFE66C-D3EE-4533-B7A6-F894BCF68F13}]]></ID><Comment><![CDATA[]]></Comment><GPODisplayName><![CDATA[EF_SecurityBaseline_Computer_Global_Network-NetworkConnections]]></GPODisplayName></BackupInst><BackupInst><GPOGuid><![CDATA[{EE676375-7764-4AFD-B7A3-44F9AD4A639F}]]></GPOGuid><GPODomain><![CDATA[standard-gpo.domain]]></GPODomain><GPODomainGuid><![CDATA[{15b8ef7f-fd5a-4b30-b1ed-5b31e51e4e12}]]></GPODomainGuid><GPODomainController><![CDATA[PSC-SRV25-ADC1.standard-gpo.domain]]></GPODomainController><BackupTime><![CDATA[2025-10-06T13:03:42]]></BackupTime><ID><![CDATA[{6CA0BC83-B664-4AA4-A00D-551D4676D160}]]></ID><Comment><![CDATA[]]></Comment><GPODisplayName><![CDATA[EF_SecurityBaseline_Computer_Global_MicrosoftOffice]]></GPODisplayName></BackupInst><BackupInst><GPOGuid><![CDATA[{0D73FC65-6F18-45BD-A5CC-7A12849F805B}]]></GPOGuid><GPODomain><![CDATA[standard-gpo.domain]]></GPODomain><GPODomainGuid><![CDATA[{15b8ef7f-fd5a-4b30-b1ed-5b31e51e4e12}]]></GPODomainGuid><GPODomainController><![CDATA[PSC-SRV25-ADC1.standard-gpo.domain]]></GPODomainController><BackupTime><![CDATA[2025-10-06T13:03:42]]></BackupTime><ID><![CDATA[{33E10EE1-2B6A-47D5-8BDA-3DBE1FCD6276}]]></ID><Comment><![CDATA[]]></Comment><GPODisplayName><![CDATA[EF_SecurityBaseline_Computer_Global_MicrosoftEdge]]></GPODisplayName></BackupInst><BackupInst><GPOGuid><![CDATA[{0B037856-E9FA-4006-9BD2-A41010D58B49}]]></GPOGuid><GPODomain><![CDATA[standard-gpo.domain]]></GPODomain><GPODomainGuid><![CDATA[{15b8ef7f-fd5a-4b30-b1ed-5b31e51e4e12}]]></GPODomainGuid><GPODomainController><![CDATA[PSC-SRV25-ADC1.standard-gpo.domain]]></GPODomainController><BackupTime><![CDATA[2025-10-06T13:03:41]]></BackupTime><ID><![CDATA[{8605EB60-D86E-4362-8C32-2D3D64694504}]]></ID><Comment><![CDATA[]]></Comment><GPODisplayName><![CDATA[EF_SecurityBaseline_Computer_Client-Server_Securityoption-AdvancedAuditing]]></GPODisplayName></BackupInst><BackupInst><GPOGuid><![CDATA[{42E74FDE-1F52-4E37-8E7F-7968347E184D}]]></GPOGuid><GPODomain><![CDATA[standard-gpo.domain]]></GPODomain><GPODomainGuid><![CDATA[{15b8ef7f-fd5a-4b30-b1ed-5b31e51e4e12}]]></GPODomainGuid><GPODomainController><![CDATA[PSC-SRV25-ADC1.standard-gpo.domain]]></GPODomainController><BackupTime><![CDATA[2025-10-06T13:03:41]]></BackupTime><ID><![CDATA[{5DD9156A-678B-49C2-859D-21945CB37A38}]]></ID><Comment><![CDATA[]]></Comment><GPODisplayName><![CDATA[EF_SecurityBaseline_Computer_Client_WinComponents]]></GPODisplayName></BackupInst><BackupInst><GPOGuid><![CDATA[{16341E43-5C68-49E9-8964-60D6DD41EE1D}]]></GPOGuid><GPODomain><![CDATA[standard-gpo.domain]]></GPODomain><GPODomainGuid><![CDATA[{15b8ef7f-fd5a-4b30-b1ed-5b31e51e4e12}]]></GPODomainGuid><GPODomainController><![CDATA[PSC-SRV25-ADC1.standard-gpo.domain]]></GPODomainController><BackupTime><![CDATA[2025-10-06T13:03:41]]></BackupTime><ID><![CDATA[{CA91000A-80E8-48F8-B8C9-C385CCE6B869}]]></ID><Comment><![CDATA[]]></Comment><GPODisplayName><![CDATA[EF_SecurityBaseline_Computer_Client_System]]></GPODisplayName></BackupInst><BackupInst><GPOGuid><![CDATA[{22EFBDE5-569C-404F-A9C0-66B7587F9F94}]]></GPOGuid><GPODomain><![CDATA[standard-gpo.domain]]></GPODomain><GPODomainGuid><![CDATA[{15b8ef7f-fd5a-4b30-b1ed-5b31e51e4e12}]]></GPODomainGuid><GPODomainController><![CDATA[PSC-SRV25-ADC1.standard-gpo.domain]]></GPODomainController><BackupTime><![CDATA[2025-10-06T13:03:40]]></BackupTime><ID><![CDATA[{A8EF1651-EBD7-4A24-A51C-F8ABE7364955}]]></ID><Comment><![CDATA[]]></Comment><GPODisplayName><![CDATA[EF_SecurityBaseline_Computer_Client_StartmenuTaskbar-Notifications]]></GPODisplayName></BackupInst><BackupInst><GPOGuid><![CDATA[{4D4CB9F8-2056-4A27-9020-607DAF696391}]]></GPOGuid><GPODomain><![CDATA[standard-gpo.domain]]></GPODomain><GPODomainGuid><![CDATA[{15b8ef7f-fd5a-4b30-b1ed-5b31e51e4e12}]]></GPODomainGuid><GPODomainController><![CDATA[PSC-SRV25-ADC1.standard-gpo.domain]]></GPODomainController><BackupTime><![CDATA[2025-10-06T13:03:40]]></BackupTime><ID><![CDATA[{5B765991-80DA-46DD-9ACD-680378733E59}]]></ID><Comment><![CDATA[]]></Comment><GPODisplayName><![CDATA[EF_SecurityBaseline_Computer_Client_Securityoption-LocalPolicies-Accounts]]></GPODisplayName></BackupInst><BackupInst><GPOGuid><![CDATA[{DCF62023-996F-41AD-97D5-70C73F23851C}]]></GPOGuid><GPODomain><![CDATA[standard-gpo.domain]]></GPODomain><GPODomainGuid><![CDATA[{15b8ef7f-fd5a-4b30-b1ed-5b31e51e4e12}]]></GPODomainGuid><GPODomainController><![CDATA[PSC-SRV25-ADC1.standard-gpo.domain]]></GPODomainController><BackupTime><![CDATA[2025-10-06T13:03:40]]></BackupTime><ID><![CDATA[{5D5619CC-BF06-42F3-90BD-4C1F45252993}]]></ID><Comment><![CDATA[]]></Comment><GPODisplayName><![CDATA[EF_SecurityBaseline_Computer_Client_Network]]></GPODisplayName></BackupInst><BackupInst><GPOGuid><![CDATA[{BB02B7E5-885F-4229-A8E9-74DA6FF0A7A7}]]></GPOGuid><GPODomain><![CDATA[standard-gpo.domain]]></GPODomain><GPODomainGuid><![CDATA[{15b8ef7f-fd5a-4b30-b1ed-5b31e51e4e12}]]></GPODomainGuid><GPODomainController><![CDATA[PSC-SRV25-ADC1.standard-gpo.domain]]></GPODomainController><BackupTime><![CDATA[2025-10-06T13:03:39]]></BackupTime><ID><![CDATA[{F17A6D39-717C-4C08-B8DB-E6DEAE63910F}]]></ID><Comment><![CDATA[]]></Comment><GPODisplayName><![CDATA[EF_SecurityBaseline_Computer_Client_ControlPanel]]></GPODisplayName></BackupInst><BackupInst><GPOGuid><![CDATA[{08597901-C05B-4DB9-9186-717DFA953B3E}]]></GPOGuid><GPODomain><![CDATA[standard-gpo.domain]]></GPODomain><GPODomainGuid><![CDATA[{15b8ef7f-fd5a-4b30-b1ed-5b31e51e4e12}]]></GPODomainGuid><GPODomainController><![CDATA[PSC-SRV25-ADC1.standard-gpo.domain]]></GPODomainController><BackupTime><![CDATA[2025-10-06T13:03:39]]></BackupTime><ID><![CDATA[{27A432DB-185C-45F1-B4CE-A79677A3E1BA}]]></ID><Comment><![CDATA[]]></Comment><GPODisplayName><![CDATA[EF_SecurityBaseline_Computer_ADCS_Securityoption-LocalPolicies-SecurityOptions]]></GPODisplayName></BackupInst><BackupInst><GPOGuid><![CDATA[{34F4867B-8650-4492-8226-E5D4ACA39D6C}]]></GPOGuid><GPODomain><![CDATA[standard-gpo.domain]]></GPODomain><GPODomainGuid><![CDATA[{15b8ef7f-fd5a-4b30-b1ed-5b31e51e4e12}]]></GPODomainGuid><GPODomainController><![CDATA[PSC-SRV25-ADC1.standard-gpo.domain]]></GPODomainController><BackupTime><![CDATA[2025-10-06T13:03:39]]></BackupTime><ID><![CDATA[{DE4ABE22-0098-4450-916E-344586026DCA}]]></ID><Comment><![CDATA[]]></Comment><GPODisplayName><![CDATA[EF_Computer_Server-Cluster-DC_System-Server-Manager]]></GPODisplayName></BackupInst><BackupInst><GPOGuid><![CDATA[{9A8847DF-AB94-413C-8B97-3F924367AC0F}]]></GPOGuid><GPODomain><![CDATA[standard-gpo.domain]]></GPODomain><GPODomainGuid><![CDATA[{15b8ef7f-fd5a-4b30-b1ed-5b31e51e4e12}]]></GPODomainGuid><GPODomainController><![CDATA[PSC-SRV25-ADC1.standard-gpo.domain]]></GPODomainController><BackupTime><![CDATA[2025-10-06T13:03:39]]></BackupTime><ID><![CDATA[{FBB53A6B-0E76-4F3B-B516-D669A2C7FE9E}]]></ID><Comment><![CDATA[]]></Comment><GPODisplayName><![CDATA[EF_Computer_Global_Securityoption-PublicKeyPolicies-TrustedRootCAs]]></GPODisplayName></BackupInst><BackupInst><GPOGuid><![CDATA[{590B633F-B747-4873-A07E-645E075C5735}]]></GPOGuid><GPODomain><![CDATA[standard-gpo.domain]]></GPODomain><GPODomainGuid><![CDATA[{15b8ef7f-fd5a-4b30-b1ed-5b31e51e4e12}]]></GPODomainGuid><GPODomainController><![CDATA[PSC-SRV25-ADC1.standard-gpo.domain]]></GPODomainController><BackupTime><![CDATA[2025-10-06T13:03:38]]></BackupTime><ID><![CDATA[{1C73A92D-8955-47EE-A075-E71180561A7D}]]></ID><Comment><![CDATA[]]></Comment><GPODisplayName><![CDATA[EF_Computer_Client-Server-Cluster-DC_WinComponents-WindowsUpdate]]></GPODisplayName></BackupInst><BackupInst><GPOGuid><![CDATA[{CE02DABD-00A7-41C0-929F-0500BB00E563}]]></GPOGuid><GPODomain><![CDATA[standard-gpo.domain]]></GPODomain><GPODomainGuid><![CDATA[{15b8ef7f-fd5a-4b30-b1ed-5b31e51e4e12}]]></GPODomainGuid><GPODomainController><![CDATA[PSC-SRV25-ADC1.standard-gpo.domain]]></GPODomainController><BackupTime><![CDATA[2025-10-06T13:03:38]]></BackupTime><ID><![CDATA[{0C658CA1-3541-4444-A0BB-0CFDE4523388}]]></ID><Comment><![CDATA[]]></Comment><GPODisplayName><![CDATA[EF_Computer_Client-Server_PolicyBasedQoS-QoSPolicies-UCiP-and-EMC]]></GPODisplayName></BackupInst><BackupInst><GPOGuid><![CDATA[{DC7C5585-09EB-472B-B031-6F8F9AAF27AE}]]></GPOGuid><GPODomain><![CDATA[standard-gpo.domain]]></GPODomain><GPODomainGuid><![CDATA[{15b8ef7f-fd5a-4b30-b1ed-5b31e51e4e12}]]></GPODomainGuid><GPODomainController><![CDATA[PSC-SRV25-ADC1.standard-gpo.domain]]></GPODomainController><BackupTime><![CDATA[2025-10-06T13:03:38]]></BackupTime><ID><![CDATA[{42D08C08-5DEF-495A-8DE3-487964D836B3}]]></ID><Comment><![CDATA[]]></Comment><GPODisplayName><![CDATA[EF_Computer_Client_Registry-ProfilesDirectory]]></GPODisplayName></BackupInst><BackupInst><GPOGuid><![CDATA[{611018BE-B7DA-4C0F-B04F-BEF13BB53F06}]]></GPOGuid><GPODomain><![CDATA[standard-gpo.domain]]></GPODomain><GPODomainGuid><![CDATA[{15b8ef7f-fd5a-4b30-b1ed-5b31e51e4e12}]]></GPODomainGuid><GPODomainController><![CDATA[PSC-SRV25-ADC1.standard-gpo.domain]]></GPODomainController><BackupTime><![CDATA[2025-10-06T13:03:38]]></BackupTime><ID><![CDATA[{58D13EC7-4CB9-4E82-8B54-C1734283C1D6}]]></ID><Comment><![CDATA[]]></Comment><GPODisplayName><![CDATA[EF_Computer_Client_Registry-ActivateWinPhotoViewer]]></GPODisplayName></BackupInst><BackupInst><GPOGuid><![CDATA[{A4CC11DC-FE31-43B0-870E-B33A2B60C358}]]></GPOGuid><GPODomain><![CDATA[standard-gpo.domain]]></GPODomain><GPODomainGuid><![CDATA[{15b8ef7f-fd5a-4b30-b1ed-5b31e51e4e12}]]></GPODomainGuid><GPODomainController><![CDATA[PSC-SRV25-ADC1.standard-gpo.domain]]></GPODomainController><BackupTime><![CDATA[2025-10-06T13:03:37]]></BackupTime><ID><![CDATA[{4314B6E0-E3F9-40A4-956D-6E2F3FF68392}]]></ID><Comment><![CDATA[]]></Comment><GPODisplayName><![CDATA[EF_Computer_Client_Registry-ACSettingIndex_DisableUSBEnergySaving]]></GPODisplayName></BackupInst><BackupInst><GPOGuid><![CDATA[{31B2F340-016D-11D2-945F-00C04FB984F9}]]></GPOGuid><GPODomain><![CDATA[standard-gpo.domain]]></GPODomain><GPODomainGuid><![CDATA[{15b8ef7f-fd5a-4b30-b1ed-5b31e51e4e12}]]></GPODomainGuid><GPODomainController><![CDATA[PSC-SRV25-ADC1.standard-gpo.domain]]></GPODomainController><BackupTime><![CDATA[2025-10-06T13:03:37]]></BackupTime><ID><![CDATA[{5DF13102-2A3A-4E8C-A8C1-4E6254EF5DCC}]]></ID><Comment><![CDATA[]]></Comment><GPODisplayName><![CDATA[Default Domain Policy]]></GPODisplayName></BackupInst><BackupInst><GPOGuid><![CDATA[{6AC1786C-016F-11D2-945F-00C04fB984F9}]]></GPOGuid><GPODomain><![CDATA[standard-gpo.domain]]></GPODomain><GPODomainGuid><![CDATA[{15b8ef7f-fd5a-4b30-b1ed-5b31e51e4e12}]]></GPODomainGuid><GPODomainController><![CDATA[PSC-SRV25-ADC1.standard-gpo.domain]]></GPODomainController><BackupTime><![CDATA[2025-10-06T13:03:36]]></BackupTime><ID><![CDATA[{884B407F-04EB-40E3-A3E7-6D9ADDAE4004}]]></ID><Comment><![CDATA[]]></Comment><GPODisplayName><![CDATA[Default Domain Controllers Policy]]></GPODisplayName></BackupInst><BackupInst><GPOGuid><![CDATA[{713F3266-B162-4BD3-B4C2-A881B3B09685}]]></GPOGuid><GPODomain><![CDATA[standard-gpo.domain]]></GPODomain><GPODomainGuid><![CDATA[{15b8ef7f-fd5a-4b30-b1ed-5b31e51e4e12}]]></GPODomainGuid><GPODomainController><![CDATA[PSC-SRV25-ADC1.standard-gpo.domain]]></GPODomainController><BackupTime><![CDATA[2025-10-06T13:03:36]]></BackupTime><ID><![CDATA[{F8860003-1E56-4B5A-B245-976A2A577A6B}]]></ID><Comment><![CDATA[]]></Comment><GPODisplayName><![CDATA[CIS_SecurityBaseline_Computer_Global_GoogleChrome]]></GPODisplayName></BackupInst><BackupInst><GPOGuid><![CDATA[{8B841D02-9EA0-482A-9F9D-2EDFED6AA9F4}]]></GPOGuid><GPODomain><![CDATA[standard-gpo.domain]]></GPODomain><GPODomainGuid><![CDATA[{15b8ef7f-fd5a-4b30-b1ed-5b31e51e4e12}]]></GPODomainGuid><GPODomainController><![CDATA[PSC-SRV25-ADC1.standard-gpo.domain]]></GPODomainController><BackupTime><![CDATA[2025-10-06T13:03:36]]></BackupTime><ID><![CDATA[{3D103DB4-5124-4682-BDF4-B948C162D5A3}]]></ID><Comment><![CDATA[]]></Comment><GPODisplayName><![CDATA[_!-OPT-EF_User_DomainUser_DriveMaps_Map-Home]]></GPODisplayName></BackupInst><BackupInst><GPOGuid><![CDATA[{46E4AFDC-B974-4888-BE40-08296706D67D}]]></GPOGuid><GPODomain><![CDATA[standard-gpo.domain]]></GPODomain><GPODomainGuid><![CDATA[{15b8ef7f-fd5a-4b30-b1ed-5b31e51e4e12}]]></GPODomainGuid><GPODomainController><![CDATA[PSC-SRV25-ADC1.standard-gpo.domain]]></GPODomainController><BackupTime><![CDATA[2025-10-06T13:03:35]]></BackupTime><ID><![CDATA[{C230E157-0030-46D7-9FA1-E9404B272B52}]]></ID><Comment><![CDATA[]]></Comment><GPODisplayName><![CDATA[_!-OPT-EF_User_Dispo_StartmenuTaskbar-VolumeControl]]></GPODisplayName></BackupInst><BackupInst><GPOGuid><![CDATA[{3EEA8451-9412-4847-AE30-33A108486E50}]]></GPOGuid><GPODomain><![CDATA[standard-gpo.domain]]></GPODomain><GPODomainGuid><![CDATA[{15b8ef7f-fd5a-4b30-b1ed-5b31e51e4e12}]]></GPODomainGuid><GPODomainController><![CDATA[PSC-SRV25-ADC1.standard-gpo.domain]]></GPODomainController><BackupTime><![CDATA[2025-10-06T13:03:35]]></BackupTime><ID><![CDATA[{57F5D7B5-BFDF-4303-B538-7879950B05C3}]]></ID><Comment><![CDATA[]]></Comment><GPODisplayName><![CDATA[_!-EF_User_Dispo_Files_Autostart-IDDS]]></GPODisplayName></BackupInst><BackupInst><GPOGuid><![CDATA[{9618279C-F1AE-490B-9D82-0C080B72C483}]]></GPOGuid><GPODomain><![CDATA[standard-gpo.domain]]></GPODomain><GPODomainGuid><![CDATA[{15b8ef7f-fd5a-4b30-b1ed-5b31e51e4e12}]]></GPODomainGuid><GPODomainController><![CDATA[PSC-SRV25-ADC1.standard-gpo.domain]]></GPODomainController><BackupTime><![CDATA[2025-10-06T13:03:35]]></BackupTime><ID><![CDATA[{0C0BE8F1-8B57-48B9-B96F-984DA6872671}]]></ID><Comment><![CDATA[]]></Comment><GPODisplayName><![CDATA[_!-EF_User_Dispo_Files_Autostart-EMC]]></GPODisplayName></BackupInst><BackupInst><GPOGuid><![CDATA[{DF290ED7-FE79-4432-B369-E128A2BD650E}]]></GPOGuid><GPODomain><![CDATA[standard-gpo.domain]]></GPODomain><GPODomainGuid><![CDATA[{15b8ef7f-fd5a-4b30-b1ed-5b31e51e4e12}]]></GPODomainGuid><GPODomainController><![CDATA[PSC-SRV25-ADC1.standard-gpo.domain]]></GPODomainController><BackupTime><![CDATA[2025-10-06T13:03:34]]></BackupTime><ID><![CDATA[{5046ABE3-9BC4-4B6B-8434-B8372D0FB7D5}]]></ID><Comment><![CDATA[]]></Comment><GPODisplayName><![CDATA[_!-EF_User_Dispo_ControlPanelSettings-Printers]]></GPODisplayName></BackupInst><BackupInst><GPOGuid><![CDATA[{4BD72112-0AEB-47AC-B4C3-688EFFFB11E4}]]></GPOGuid><GPODomain><![CDATA[standard-gpo.domain]]></GPODomain><GPODomainGuid><![CDATA[{15b8ef7f-fd5a-4b30-b1ed-5b31e51e4e12}]]></GPODomainGuid><GPODomainController><![CDATA[PSC-SRV25-ADC1.standard-gpo.domain]]></GPODomainController><BackupTime><![CDATA[2025-10-06T13:03:34]]></BackupTime><ID><![CDATA[{54EB5542-C79A-4F39-A00A-3A8145CBC405}]]></ID><Comment><![CDATA[]]></Comment><GPODisplayName><![CDATA[_!-EF_SecurityBaseline_Computer_Global_WinComponent-WinRM]]></GPODisplayName></BackupInst><BackupInst><GPOGuid><![CDATA[{F62B5886-B56D-47F5-8D8C-7F83E86C1DF1}]]></GPOGuid><GPODomain><![CDATA[standard-gpo.domain]]></GPODomain><GPODomainGuid><![CDATA[{15b8ef7f-fd5a-4b30-b1ed-5b31e51e4e12}]]></GPODomainGuid><GPODomainController><![CDATA[PSC-SRV25-ADC1.standard-gpo.domain]]></GPODomainController><BackupTime><![CDATA[2025-10-06T13:03:33]]></BackupTime><ID><![CDATA[{6CA18734-5DD1-49C1-AEBF-074F17555F84}]]></ID><Comment><![CDATA[]]></Comment><GPODisplayName><![CDATA[_!-EF_SecurityBaseline_Computer_Global_WinComponents-InternetExplorer]]></GPODisplayName></BackupInst><BackupInst><GPOGuid><![CDATA[{D5EAECC5-099A-468F-B7C1-78936B4D1918}]]></GPOGuid><GPODomain><![CDATA[standard-gpo.domain]]></GPODomain><GPODomainGuid><![CDATA[{15b8ef7f-fd5a-4b30-b1ed-5b31e51e4e12}]]></GPODomainGuid><GPODomainController><![CDATA[PSC-SRV25-ADC1.standard-gpo.domain]]></GPODomainController><BackupTime><![CDATA[2025-10-06T13:03:33]]></BackupTime><ID><![CDATA[{378C871B-32B2-4FAD-8E03-3455A6F6D379}]]></ID><Comment><![CDATA[]]></Comment><GPODisplayName><![CDATA[_!-EF_SecurityBaseline_Computer_Global_Securityoption-LocalPolicies-UserRightsAssignment_DenyLogon-DocusnapAndBackupUser]]></GPODisplayName></BackupInst><BackupInst><GPOGuid><![CDATA[{0449F944-43D2-45AF-9EB4-C2A8E315CB37}]]></GPOGuid><GPODomain><![CDATA[standard-gpo.domain]]></GPODomain><GPODomainGuid><![CDATA[{15b8ef7f-fd5a-4b30-b1ed-5b31e51e4e12}]]></GPODomainGuid><GPODomainController><![CDATA[PSC-SRV25-ADC1.standard-gpo.domain]]></GPODomainController><BackupTime><![CDATA[2025-10-06T13:03:33]]></BackupTime><ID><![CDATA[{B9FADB11-D2F6-43DD-A771-439C69449D89}]]></ID><Comment><![CDATA[]]></Comment><GPODisplayName><![CDATA[_!-EF_SecurityBaseline_Computer_Global_Securityoption-LocalPolicies-UserRightsAssignment_AllowRDP-EurofunkAdmins]]></GPODisplayName></BackupInst><BackupInst><GPOGuid><![CDATA[{60A1AE8C-6146-4B83-8488-2CBC04B19501}]]></GPOGuid><GPODomain><![CDATA[standard-gpo.domain]]></GPODomain><GPODomainGuid><![CDATA[{15b8ef7f-fd5a-4b30-b1ed-5b31e51e4e12}]]></GPODomainGuid><GPODomainController><![CDATA[PSC-SRV25-ADC1.standard-gpo.domain]]></GPODomainController><BackupTime><![CDATA[2025-10-06T13:03:32]]></BackupTime><ID><![CDATA[{6A4F0875-DA0D-41EF-879C-E19FD166E59A}]]></ID><Comment><![CDATA[]]></Comment><GPODisplayName><![CDATA[_!-EF_SecurityBaseline_Computer_Global_MSEdge-Defaultbrowser]]></GPODisplayName></BackupInst><BackupInst><GPOGuid><![CDATA[{5E125651-829E-4B56-B4AC-0F894ED04DBD}]]></GPOGuid><GPODomain><![CDATA[standard-gpo.domain]]></GPODomain><GPODomainGuid><![CDATA[{15b8ef7f-fd5a-4b30-b1ed-5b31e51e4e12}]]></GPODomainGuid><GPODomainController><![CDATA[PSC-SRV25-ADC1.standard-gpo.domain]]></GPODomainController><BackupTime><![CDATA[2025-10-06T13:03:32]]></BackupTime><ID><![CDATA[{F3DE7FC1-C61F-4B97-8251-E81F214EEF20}]]></ID><Comment><![CDATA[]]></Comment><GPODisplayName><![CDATA[_!-EF_SecurityBaseline_Computer_Global_ControlPanelSettings-LocalUsersGroups]]></GPODisplayName></BackupInst><BackupInst><GPOGuid><![CDATA[{311F24C0-E8D9-4929-B131-6196A57EBF57}]]></GPOGuid><GPODomain><![CDATA[standard-gpo.domain]]></GPODomain><GPODomainGuid><![CDATA[{15b8ef7f-fd5a-4b30-b1ed-5b31e51e4e12}]]></GPODomainGuid><GPODomainController><![CDATA[PSC-SRV25-ADC1.standard-gpo.domain]]></GPODomainController><BackupTime><![CDATA[2025-10-06T13:03:31]]></BackupTime><ID><![CDATA[{DDB30CF7-E4D3-4478-9968-C3E246F54437}]]></ID><Comment><![CDATA[]]></Comment><GPODisplayName><![CDATA[_!-EF_Computer-User_Client-DomainUser_Desktop-SetWallpaper]]></GPODisplayName></BackupInst><BackupInst><GPOGuid><![CDATA[{AC5AD4F1-D41F-4FF0-8D9F-85AA2723CEA4}]]></GPOGuid><GPODomain><![CDATA[standard-gpo.domain]]></GPODomain><GPODomainGuid><![CDATA[{15b8ef7f-fd5a-4b30-b1ed-5b31e51e4e12}]]></GPODomainGuid><GPODomainController><![CDATA[PSC-SRV25-ADC1.standard-gpo.domain]]></GPODomainController><BackupTime><![CDATA[2025-10-06T13:03:31]]></BackupTime><ID><![CDATA[{C66E4ED5-7B1D-479F-AEB9-C3C4F5D371D3}]]></ID><Comment><![CDATA[]]></Comment><GPODisplayName><![CDATA[_!-EF_Computer_Global_WinComponents-WindowsUpdate_SetSource]]></GPODisplayName></BackupInst><BackupInst><GPOGuid><![CDATA[{4CC0D696-A3A2-4F32-93E9-A089ABAF9DEE}]]></GPOGuid><GPODomain><![CDATA[standard-gpo.domain]]></GPODomain><GPODomainGuid><![CDATA[{15b8ef7f-fd5a-4b30-b1ed-5b31e51e4e12}]]></GPODomainGuid><GPODomainController><![CDATA[PSC-SRV25-ADC1.standard-gpo.domain]]></GPODomainController><BackupTime><![CDATA[2025-10-06T13:03:30]]></BackupTime><ID><![CDATA[{BB3DD7F2-3F49-43BF-AF75-3B1ED48B5AAB}]]></ID><Comment><![CDATA[]]></Comment><GPODisplayName><![CDATA[_!-EF_Computer_Global_System-LAPS]]></GPODisplayName></BackupInst><BackupInst><GPOGuid><![CDATA[{D02B9FC4-4E4D-4166-85BD-E0528A6CCE36}]]></GPOGuid><GPODomain><![CDATA[standard-gpo.domain]]></GPODomain><GPODomainGuid><![CDATA[{15b8ef7f-fd5a-4b30-b1ed-5b31e51e4e12}]]></GPODomainGuid><GPODomainController><![CDATA[PSC-SRV25-ADC1.standard-gpo.domain]]></GPODomainController><BackupTime><![CDATA[2025-10-06T13:03:30]]></BackupTime><ID><![CDATA[{2637EEE8-833A-485F-9EC3-5C890394142A}]]></ID><Comment><![CDATA[]]></Comment><GPODisplayName><![CDATA[_!-EF_Computer_Global_SetUserAccountPictures]]></GPODisplayName></BackupInst><BackupInst><GPOGuid><![CDATA[{C66E58EB-20C4-405D-97B4-FAB7838DD23C}]]></GPOGuid><GPODomain><![CDATA[standard-gpo.domain]]></GPODomain><GPODomainGuid><![CDATA[{15b8ef7f-fd5a-4b30-b1ed-5b31e51e4e12}]]></GPODomainGuid><GPODomainController><![CDATA[PSC-SRV25-ADC1.standard-gpo.domain]]></GPODomainController><BackupTime><![CDATA[2025-10-06T13:03:30]]></BackupTime><ID><![CDATA[{BF14A84F-34FC-4FC7-87CC-1272D2B54388}]]></ID><Comment><![CDATA[]]></Comment><GPODisplayName><![CDATA[_!-EF_Computer_DC_System-WindowsTimeSvc]]></GPODisplayName></BackupInst><BackupInst><GPOGuid><![CDATA[{0F68B1B2-C4AB-4464-B2D5-E1E7C089BBCB}]]></GPOGuid><GPODomain><![CDATA[standard-gpo.domain]]></GPODomain><GPODomainGuid><![CDATA[{15b8ef7f-fd5a-4b30-b1ed-5b31e51e4e12}]]></GPODomainGuid><GPODomainController><![CDATA[PSC-SRV25-ADC1.standard-gpo.domain]]></GPODomainController><BackupTime><![CDATA[2025-10-06T13:03:29]]></BackupTime><ID><![CDATA[{11548F18-313F-4E2E-9C2D-0F567CE32C3C}]]></ID><Comment><![CDATA[]]></Comment><GPODisplayName><![CDATA[_!-EF_Computer_Client-Server-Cluster_System-WindowsTimeSvc]]></GPODisplayName></BackupInst><BackupInst><GPOGuid><![CDATA[{C5CB6D44-82A9-4BF6-BFBC-6B41CBC312B9}]]></GPOGuid><GPODomain><![CDATA[standard-gpo.domain]]></GPODomain><GPODomainGuid><![CDATA[{15b8ef7f-fd5a-4b30-b1ed-5b31e51e4e12}]]></GPODomainGuid><GPODomainController><![CDATA[PSC-SRV25-ADC1.standard-gpo.domain]]></GPODomainController><BackupTime><![CDATA[2025-10-06T13:03:21]]></BackupTime><ID><![CDATA[{BB8D63D0-CABE-4813-BE70-CB6EB618C6D7}]]></ID><Comment><![CDATA[]]></Comment><GPODisplayName><![CDATA[_!-EF_Computer_Client_IDDS_Network-SNMP]]></GPODisplayName></BackupInst><BackupInst><GPOGuid><![CDATA[{AA245244-D30F-4BE8-B630-8241CBEEAC17}]]></GPOGuid><GPODomain><![CDATA[standard-gpo.domain]]></GPODomain><GPODomainGuid><![CDATA[{15b8ef7f-fd5a-4b30-b1ed-5b31e51e4e12}]]></GPODomainGuid><GPODomainController><![CDATA[PSC-SRV25-ADC1.standard-gpo.domain]]></GPODomainController><BackupTime><![CDATA[2025-10-06T13:03:20]]></BackupTime><ID><![CDATA[{0F02B0AA-1937-4DCC-8FDF-FED81DB1D3B4}]]></ID><Comment><![CDATA[]]></Comment><GPODisplayName><![CDATA[_!-EF_Computer_Client_IDDS_Files_Std-Desktoplink-on-D]]></GPODisplayName></BackupInst><BackupInst><GPOGuid><![CDATA[{C95468F0-7356-4E22-9B17-B525D46AC0D5}]]></GPOGuid><GPODomain><![CDATA[standard-gpo.domain]]></GPODomain><GPODomainGuid><![CDATA[{15b8ef7f-fd5a-4b30-b1ed-5b31e51e4e12}]]></GPODomainGuid><GPODomainController><![CDATA[PSC-SRV25-ADC1.standard-gpo.domain]]></GPODomainController><BackupTime><![CDATA[2025-10-06T13:03:20]]></BackupTime><ID><![CDATA[{D4DE1DCE-0A4D-4219-9A34-AAAAF9FD5280}]]></ID><Comment><![CDATA[]]></Comment><GPODisplayName><![CDATA[_!-EF_Computer_Client_IDDS_Files_Std-Desktoplink-on-C]]></GPODisplayName></BackupInst><BackupInst><GPOGuid><![CDATA[{5200BF8F-E7CE-479A-A7FD-F067AA2E5DF7}]]></GPOGuid><GPODomain><![CDATA[standard-gpo.domain]]></GPODomain><GPODomainGuid><![CDATA[{15b8ef7f-fd5a-4b30-b1ed-5b31e51e4e12}]]></GPODomainGuid><GPODomainController><![CDATA[PSC-SRV25-ADC1.standard-gpo.domain]]></GPODomainController><BackupTime><![CDATA[2025-10-06T13:03:20]]></BackupTime><ID><![CDATA[{A515FC1A-37AF-4E4E-8FD8-40C3D6D19377}]]></ID><Comment><![CDATA[]]></Comment><GPODisplayName><![CDATA[_!-EF_Computer_Client_EMC_Files_Std-Desktoplink-on-D]]></GPODisplayName></BackupInst><BackupInst><GPOGuid><![CDATA[{6344FA3C-144F-4C0E-9D53-FD8011D9EB3C}]]></GPOGuid><GPODomain><![CDATA[standard-gpo.domain]]></GPODomain><GPODomainGuid><![CDATA[{15b8ef7f-fd5a-4b30-b1ed-5b31e51e4e12}]]></GPODomainGuid><GPODomainController><![CDATA[PSC-SRV25-ADC1.standard-gpo.domain]]></GPODomainController><BackupTime><![CDATA[2025-10-06T13:03:19]]></BackupTime><ID><![CDATA[{FE53A853-F224-466E-A557-3260FE6D6169}]]></ID><Comment><![CDATA[]]></Comment><GPODisplayName><![CDATA[_!-EF_Computer_Client_EMC_Files_Std-Desktoplink-on-C]]></GPODisplayName></BackupInst><BackupInst><GPOGuid><![CDATA[{5880473C-76C2-4188-B330-B1E1DDF2B00C}]]></GPOGuid><GPODomain><![CDATA[standard-gpo.domain]]></GPODomain><GPODomainGuid><![CDATA[{15b8ef7f-fd5a-4b30-b1ed-5b31e51e4e12}]]></GPODomainGuid><GPODomainController><![CDATA[PSC-SRV25-ADC1.standard-gpo.domain]]></GPODomainController><BackupTime><![CDATA[2025-10-06T13:03:19]]></BackupTime><ID><![CDATA[{F948F263-FA16-4BD1-8B3F-D04995678631}]]></ID><Comment><![CDATA[]]></Comment><GPODisplayName><![CDATA[_!-EF_Computer_Client_EAP_Files_Std-Desktoplink-on-D]]></GPODisplayName></BackupInst><BackupInst><GPOGuid><![CDATA[{B925EB12-0C83-49A2-9CE4-E0C05FE2FC3A}]]></GPOGuid><GPODomain><![CDATA[standard-gpo.domain]]></GPODomain><GPODomainGuid><![CDATA[{15b8ef7f-fd5a-4b30-b1ed-5b31e51e4e12}]]></GPODomainGuid><GPODomainController><![CDATA[PSC-SRV25-ADC1.standard-gpo.domain]]></GPODomainController><BackupTime><![CDATA[2025-10-06T13:03:18]]></BackupTime><ID><![CDATA[{6B21A422-5336-40F7-8C75-8FB906095047}]]></ID><Comment><![CDATA[]]></Comment><GPODisplayName><![CDATA[_!-EF_Computer_Client_EAP_Files_Std-Desktoplink-on-C]]></GPODisplayName></BackupInst><BackupInst><GPOGuid><![CDATA[{F4CE7FC4-4610-4744-985D-CBAE58D54623}]]></GPOGuid><GPODomain><![CDATA[standard-gpo.domain]]></GPODomain><GPODomainGuid><![CDATA[{15b8ef7f-fd5a-4b30-b1ed-5b31e51e4e12}]]></GPODomainGuid><GPODomainController><![CDATA[PSC-SRV25-ADC1.standard-gpo.domain]]></GPODomainController><BackupTime><![CDATA[2025-10-06T13:03:14]]></BackupTime><ID><![CDATA[{B5598D99-99F6-4E6B-B0C4-7626F073CE1C}]]></ID><Comment><![CDATA[]]></Comment><GPODisplayName><![CDATA[_!-EF_Computer_Client_EAP_Files_Autostart]]></GPODisplayName></BackupInst></Backups>