<?xml version="1.0" encoding="utf-8"?>
<Files clsid="{215B2E53-57CE-475c-80FE-9EEC14635851}"><File clsid="{50BE44C8-567A-4ed1-B1D0-9234FE1F38AF}" name="Microsoft Edge.lnk" status="Microsoft Edge.lnk" image="3" changed="2023-04-03 11:54:07" uid="{DB4568DD-AB89-4672-84A6-6F5E3456FF8D}" bypassErrors="1"><Properties action="D" targetPath="C:\Users\Public\Desktop\Microsoft Edge.lnk" readOnly="0" archive="1" hidden="0" suppress="1"/><Filters/></File>
	<File clsid="{50BE44C8-567A-4ed1-B1D0-9234FE1F38AF}" name="NetSupport Manager Control.lnk" status="NetSupport Manager Control.lnk" image="3" changed="2023-04-03 11:54:11" uid="{710E15C9-31E3-4B1B-9BF0-E0F6B8B5DC53}" bypassErrors="1"><Properties action="D" targetPath="C:\Users\Public\Desktop\NetSupport Manager Control.lnk" readOnly="0" archive="1" hidden="0" suppress="1"/><Filters/></File>
	<File clsid="{50BE44C8-567A-4ed1-B1D0-9234FE1F38AF}" name="Microsoft Edge.lnk" status="Microsoft Edge.lnk" image="3" changed="2023-04-03 11:54:13" uid="{8FF208F8-F663-48E8-B17E-FBDEE0CE3020}" bypassErrors="1"><Properties action="D" targetPath="D:\Users\Public\Desktop\Microsoft Edge.lnk" readOnly="0" archive="1" hidden="0" suppress="1"/><Filters/></File>
	<File clsid="{50BE44C8-567A-4ed1-B1D0-9234FE1F38AF}" name="NetSupport Manager Control.lnk" status="NetSupport Manager Control.lnk" image="3" changed="2023-04-03 11:54:16" uid="{4E5C5E39-CD5C-4269-8339-076921854461}" bypassErrors="1"><Properties action="D" targetPath="D:\Users\Public\Desktop\NetSupport Manager Control.lnk" readOnly="0" archive="1" hidden="0" suppress="1"/><Filters/></File>
</Files>
