<BackupInst xmlns="http://www.microsoft.com/GroupPolicy/GPOOperations/Manifest"><GPOGuid><![CDATA[{44E52D96-AF02-4F2B-AFD8-6CAF3670B1D0}]]></GPOGuid><GPODomain><![CDATA[standard-gpo.domain]]></GPODomain><GPODomainGuid><![CDATA[{15b8ef7f-fd5a-4b30-b1ed-5b31e51e4e12}]]></GPODomainGuid><GPODomainController><![CDATA[PSC-SRV25-ADC1.standard-gpo.domain]]></GPODomainController><BackupTime><![CDATA[2025-10-06T13:04:09]]></BackupTime><ID><![CDATA[{B8062B2E-A389-4A1E-B09F-4EF20814C37E}]]></ID><Comment><![CDATA[]]></Comment><GPODisplayName><![CDATA[TESTING_!-EF_Computer_Client-Server_DNSSEC]]></GPODisplayName></BackupInst>
