<BackupInst xmlns="http://www.microsoft.com/GroupPolicy/GPOOperations/Manifest"><GPOGuid><![CDATA[{9618279C-F1AE-490B-9D82-0C080B72C483}]]></GPOGuid><GPODomain><![CDATA[standard-gpo.domain]]></GPODomain><GPODomainGuid><![CDATA[{15b8ef7f-fd5a-4b30-b1ed-5b31e51e4e12}]]></GPODomainGuid><GPODomainController><![CDATA[PSC-SRV25-ADC1.standard-gpo.domain]]></GPODomainController><BackupTime><![CDATA[2025-10-06T13:03:35]]></BackupTime><ID><![CDATA[{0C0BE8F1-8B57-48B9-B96F-984DA6872671}]]></ID><Comment><![CDATA[]]></Comment><GPODisplayName><![CDATA[_!-EF_User_Dispo_Files_Autostart-EMC]]></GPODisplayName></BackupInst>
