<?xml version="1.0" encoding="utf-8"?>
<RegistrySettings clsid="{A3CCFC41-DFDB-43a5-8D26-0FE8B954DA51}"><Registry clsid="{9CD4B2F4-923D-47f5-A062-E897DD1DAD50}" name="1" status="1" image="7" changed="2023-12-07 09:20:29" uid="{28177A3C-F457-4D4B-B635-90BB2EC0BC34}"><Properties action="U" displayDecimal="1" default="0" hive="HKEY_USERS" key=".DEFAULT\Keyboard Layout\Preload" name="1" type="REG_SZ" value="00000407"/></Registry>
	<Registry clsid="{9CD4B2F4-923D-47f5-A062-E897DD1DAD50}" name="1" status="1" image="7" changed="2023-12-07 09:20:48" uid="{821425A0-695B-420E-8956-62C74C94BA15}"><Properties action="U" displayDecimal="1" default="0" hive="HKEY_LOCAL_MACHINE" key="SYSTEM\Keyboard Layout\Preload" name="1" type="REG_SZ" value="00000407"/></Registry>
	<Registry clsid="{9CD4B2F4-923D-47f5-A062-E897DD1DAD50}" name="1" status="1" image="7" changed="2023-12-07 09:21:06" uid="{F033118D-21CC-44BF-BAB2-3289198A3BB1}"><Properties action="U" displayDecimal="1" default="0" hive="HKEY_CURRENT_USER" key="Keyboard Layout\Preload" name="1" type="REG_SZ" value="00000407"/></Registry>
	<Registry clsid="{9CD4B2F4-923D-47f5-A062-E897DD1DAD50}" name="Preload" status="(Default)" image="7" changed="2023-12-07 09:21:21" uid="{61A9F186-DF73-4037-B39D-D404D386F74E}"><Properties action="U" displayDecimal="1" default="1" hive="HKEY_USERS" key=".DEFAULT\Keyboard Layout\Preload" name="" type="REG_SZ" value="00000407"/></Registry>
	<Registry clsid="{9CD4B2F4-923D-47f5-A062-E897DD1DAD50}" name="Preload" status="(Default)" image="7" changed="2023-12-07 09:21:34" uid="{FDB7DB6D-AFCF-4655-8D86-543895521A8C}"><Properties action="U" displayDecimal="1" default="1" hive="HKEY_LOCAL_MACHINE" key="SYSTEM\Keyboard Layout\Preload" name="" type="REG_SZ" value="00000407"/></Registry>
	<Registry clsid="{9CD4B2F4-923D-47f5-A062-E897DD1DAD50}" name="Preload" status="(Default)" image="7" changed="2023-12-07 09:21:48" uid="{EF8E1799-5523-4901-A2BF-ECB106571CC6}"><Properties action="U" displayDecimal="1" default="1" hive="HKEY_CURRENT_USER" key="Keyboard Layout\Preload" name="" type="REG_SZ" value="00000407"/></Registry>
</RegistrySettings>
