<?xml version="1.0" encoding="utf-8"?>
<Files clsid="{215B2E53-57CE-475c-80FE-9EEC14635851}"><File clsid="{50BE44C8-567A-4ed1-B1D0-9234FE1F38AF}" name="WinSCP_Copied.exe" status="WinSCP_Copied.exe" image="3" changed="2025-01-30 10:31:06" uid="{0E41A2D4-7801-420C-B9DC-963A1052B574}"><Properties action="D" targetPath="D:\Users\%logonuser%\Desktop\WinSCP_Copied.exe" readOnly="0" archive="1" hidden="0" suppress="0"/></File>
	<File clsid="{50BE44C8-567A-4ed1-B1D0-9234FE1F38AF}" name="T-CPR_copied.exe" status="T-CPR_copied.exe" image="3" changed="2025-01-30 10:30:59" uid="{662DD7C8-1137-4110-90F0-71E38F1EEEC8}"><Properties action="D" targetPath="C:\Users\Public\Desktop\T-CPR_copied.exe" readOnly="0" archive="1" hidden="0" suppress="0"/></File>
	<File clsid="{50BE44C8-567A-4ed1-B1D0-9234FE1F38AF}" name="config.txt" status="config.txt" image="3" changed="2025-01-30 10:30:51" uid="{FE472F24-0A41-43EE-AA61-5EADACFD8FB9}"><Properties action="D" targetPath="C:\Users\Public\Desktop\config.txt" readOnly="0" archive="1" hidden="1" suppress="0"/></File>
</Files>
