<BackupInst xmlns="http://www.microsoft.com/GroupPolicy/GPOOperations/Manifest"><GPOGuid><![CDATA[{477E5F0E-F372-4380-8F48-4A16C2929E6B}]]></GPOGuid><GPODomain><![CDATA[standard-gpo.domain]]></GPODomain><GPODomainGuid><![CDATA[{15b8ef7f-fd5a-4b30-b1ed-5b31e51e4e12}]]></GPODomainGuid><GPODomainController><![CDATA[PSC-SRV25-ADC1.standard-gpo.domain]]></GPODomainController><BackupTime><![CDATA[2025-10-06T13:04:05]]></BackupTime><ID><![CDATA[{F3B081FD-6E74-41A4-B528-D490E78952B6}]]></ID><Comment><![CDATA[]]></Comment><GPODisplayName><![CDATA[OPT-EF_Computer_Client_Securityoption-FileSystem-Utilman_Hide-EasyAccess-Logonscreen]]></GPODisplayName></BackupInst>
