<BackupInst xmlns="http://www.microsoft.com/GroupPolicy/GPOOperations/Manifest"><GPOGuid><![CDATA[{4C0C8CB1-0E98-47B7-AB2B-D9DFB1624535}]]></GPOGuid><GPODomain><![CDATA[standard-gpo.domain]]></GPODomain><GPODomainGuid><![CDATA[{15b8ef7f-fd5a-4b30-b1ed-5b31e51e4e12}]]></GPODomainGuid><GPODomainController><![CDATA[PSC-SRV25-ADC1.standard-gpo.domain]]></GPODomainController><BackupTime><![CDATA[2025-10-06T13:04:03]]></BackupTime><ID><![CDATA[{65510A80-F3B0-47A8-A700-CFECC84BD66B}]]></ID><Comment><![CDATA[]]></Comment><GPODisplayName><![CDATA[OPT_EF_User_Dispo_Registry_Enable-AutoHideTaskbar]]></GPODisplayName></BackupInst>
