<BackupInst xmlns="http://www.microsoft.com/GroupPolicy/GPOOperations/Manifest"><GPOGuid><![CDATA[{28B84274-B4E9-40B7-8980-94B19A9E39F5}]]></GPOGuid><GPODomain><![CDATA[standard-gpo.domain]]></GPODomain><GPODomainGuid><![CDATA[{15b8ef7f-fd5a-4b30-b1ed-5b31e51e4e12}]]></GPODomainGuid><GPODomainController><![CDATA[PSC-SRV25-ADC1.standard-gpo.domain]]></GPODomainController><BackupTime><![CDATA[2025-10-06T13:03:54]]></BackupTime><ID><![CDATA[{55A6D183-D475-4430-BF53-1AE93B707743}]]></ID><Comment><![CDATA[]]></Comment><GPODisplayName><![CDATA[MS_SecurityBaseline_Computer_Client-Server_System-Logon]]></GPODisplayName></BackupInst>
