<BackupInst xmlns="http://www.microsoft.com/GroupPolicy/GPOOperations/Manifest"><GPOGuid><![CDATA[{713F3266-B162-4BD3-B4C2-A881B3B09685}]]></GPOGuid><GPODomain><![CDATA[standard-gpo.domain]]></GPODomain><GPODomainGuid><![CDATA[{15b8ef7f-fd5a-4b30-b1ed-5b31e51e4e12}]]></GPODomainGuid><GPODomainController><![CDATA[PSC-SRV25-ADC1.standard-gpo.domain]]></GPODomainController><BackupTime><![CDATA[2025-10-06T13:03:36]]></BackupTime><ID><![CDATA[{F8860003-1E56-4B5A-B245-976A2A577A6B}]]></ID><Comment><![CDATA[]]></Comment><GPODisplayName><![CDATA[CIS_SecurityBaseline_Computer_Global_GoogleChrome]]></GPODisplayName></BackupInst>
