<BackupInst xmlns="http://www.microsoft.com/GroupPolicy/GPOOperations/Manifest"><GPOGuid><![CDATA[{5E125651-829E-4B56-B4AC-0F894ED04DBD}]]></GPOGuid><GPODomain><![CDATA[standard-gpo.domain]]></GPODomain><GPODomainGuid><![CDATA[{15b8ef7f-fd5a-4b30-b1ed-5b31e51e4e12}]]></GPODomainGuid><GPODomainController><![CDATA[PSC-SRV25-ADC1.standard-gpo.domain]]></GPODomainController><BackupTime><![CDATA[2025-10-06T13:03:32]]></BackupTime><ID><![CDATA[{F3DE7FC1-C61F-4B97-8251-E81F214EEF20}]]></ID><Comment><![CDATA[]]></Comment><GPODisplayName><![CDATA[_!-EF_SecurityBaseline_Computer_Global_ControlPanelSettings-LocalUsersGroups]]></GPODisplayName></BackupInst>
