<BackupInst xmlns="http://www.microsoft.com/GroupPolicy/GPOOperations/Manifest"><GPOGuid><![CDATA[{ADEE8AD9-B6E5-4322-A706-173B01E95120}]]></GPOGuid><GPODomain><![CDATA[standard-gpo.domain]]></GPODomain><GPODomainGuid><![CDATA[{15b8ef7f-fd5a-4b30-b1ed-5b31e51e4e12}]]></GPODomainGuid><GPODomainController><![CDATA[PSC-SRV25-ADC1.standard-gpo.domain]]></GPODomainController><BackupTime><![CDATA[2025-10-06T13:04:12]]></BackupTime><ID><![CDATA[{5025CA72-C232-488F-89D9-A5FAB45CB9C7}]]></ID><Comment><![CDATA[]]></Comment><GPODisplayName><![CDATA[TESTING_EF_Computer_Global_KeyboardLayout]]></GPODisplayName></BackupInst>
