<BackupInst xmlns="http://www.microsoft.com/GroupPolicy/GPOOperations/Manifest"><GPOGuid><![CDATA[{078B7336-BFA9-401E-9358-793965C226B5}]]></GPOGuid><GPODomain><![CDATA[standard-gpo.domain]]></GPODomain><GPODomainGuid><![CDATA[{15b8ef7f-fd5a-4b30-b1ed-5b31e51e4e12}]]></GPODomainGuid><GPODomainController><![CDATA[PSC-SRV25-ADC1.standard-gpo.domain]]></GPODomainController><BackupTime><![CDATA[2025-10-06T13:03:43]]></BackupTime><ID><![CDATA[{6DDBE2C5-6CC0-4F75-87E2-6E6234C5D8ED}]]></ID><Comment><![CDATA[]]></Comment><GPODisplayName><![CDATA[EF_SecurityBaseline_Computer_Global_Securityoption-Systemservice-WinRM]]></GPODisplayName></BackupInst>
