<?xml version="1.0" encoding="utf-8"?><!-- Copyright (c) Microsoft Corporation.  All rights reserved. --><GroupPolicyBackupScheme bkp:version="2.0" bkp:type="GroupPolicyBackupTemplate" xmlns:bkp="http://www.microsoft.com/GroupPolicy/GPOOperations" xmlns="http://www.microsoft.com/GroupPolicy/GPOOperations">
    <GroupPolicyObject><SecurityGroups><Group bkp:Source="FromDACL"><Sid><![CDATA[S-1-5-21-124392980-2450879246-3613746218-519]]></Sid><SamAccountName><![CDATA[Enterprise Admins]]></SamAccountName><Type><![CDATA[UniversalGroup]]></Type><NetBIOSDomainName><![CDATA[STANDARD-GPO]]></NetBIOSDomainName><DnsDomainName><![CDATA[standard-gpo.domain]]></DnsDomainName><UPN><![CDATA[Enterprise Admins@standard-gpo.domain]]></UPN></Group><Group bkp:Source="FromDACL"><Sid><![CDATA[S-1-5-21-124392980-2450879246-3613746218-512]]></Sid><SamAccountName><![CDATA[Domain Admins]]></SamAccountName><Type><![CDATA[GlobalGroup]]></Type><NetBIOSDomainName><![CDATA[STANDARD-GPO]]></NetBIOSDomainName><DnsDomainName><![CDATA[standard-gpo.domain]]></DnsDomainName><UPN><![CDATA[Domain Admins@standard-gpo.domain]]></UPN></Group></SecurityGroups><FilePaths/><GroupPolicyCoreSettings><ID><![CDATA[{406A128F-55D9-415A-8D92-363E42281A32}]]></ID><Domain><![CDATA[standard-gpo.domain]]></Domain><SecurityDescriptor>01 00 04 9c 00 00 00 00 00 00 00 00 00 00 00 00 14 00 00 00 04 00 ec 00 08 00 00 00 05 02 28 00 00 01 00 00 01 00 00 00 8f fd ac ed b3 ff d1 11 b4 1d 00 a0 c9 68 f9 39 01 01 00 00 00 00 00 05 0b 00 00 00 00 00 24 00 ff 00 0f 00 01 05 00 00 00 00 00 05 15 00 00 00 14 16 6a 07 0e 73 15 92 2a 64 65 d7 00 02 00 00 00 02 24 00 ff 00 0f 00 01 05 00 00 00 00 00 05 15 00 00 00 14 16 6a 07 0e 73 15 92 2a 64 65 d7 00 02 00 00 00 02 24 00 ff 00 0f 00 01 05 00 00 00 00 00 05 15 00 00 00 14 16 6a 07 0e 73 15 92 2a 64 65 d7 07 02 00 00 00 02 14 00 94 00 02 00 01 01 00 00 00 00 00 05 09 00 00 00 00 02 14 00 94 00 02 00 01 01 00 00 00 00 00 05 0b 00 00 00 00 02 14 00 ff 00 0f 00 01 01 00 00 00 00 00 05 12 00 00 00 00 0a 14 00 ff 00 0f 00 01 01 00 00 00 00 00 03 00 00 00 00</SecurityDescriptor><DisplayName><![CDATA[OBSOLETE_OPT-EF_User_Dispo_Files_Clear-WindowsStartMenue]]></DisplayName><Options><![CDATA[0]]></Options><UserVersionNumber><![CDATA[2162721]]></UserVersionNumber><MachineVersionNumber><![CDATA[65537]]></MachineVersionNumber><MachineExtensionGuids/><UserExtensionGuids><![CDATA[[{00000000-0000-0000-0000-000000000000}{3BAE7E51-E3F4-41D0-853D-9BB9FD47605F}][{7150F9BF-48AD-4DA4-A49C-29EF4A8369BA}{3BAE7E51-E3F4-41D0-853D-9BB9FD47605F}]]]></UserExtensionGuids><WMIFilter/></GroupPolicyCoreSettings> 
        <GroupPolicyExtension bkp:ID="{35378EAC-683F-11D2-A89A-00C04FBBCFA2}" bkp:DescName="Registry">
            
            <FSObjectFile bkp:Path="%GPO_USER_FSPATH%\registry.pol" bkp:SourceExpandedPath="\\PSC-SRV25-ADC1.standard-gpo.domain\sysvol\standard-gpo.domain\Policies\{406A128F-55D9-415A-8D92-363E42281A32}\User\registry.pol" bkp:Location="DomainSysvol\GPO\User\registry.pol"/>
            <FSObjectFile bkp:Path="%GPO_FSPATH%\Adm\*.*" bkp:SourceExpandedPath="\\PSC-SRV25-ADC1.standard-gpo.domain\sysvol\standard-gpo.domain\Policies\{406A128F-55D9-415A-8D92-363E42281A32}\Adm\*.*"/>
        </GroupPolicyExtension>
        
        
        
        
        
        
        
        
        
    <GroupPolicyExtension bkp:ID="{F15C46CD-82A0-4C2D-A210-5D0D3182A418}" bkp:DescName="Unknown Extension"><FSObjectFile bkp:Path="%GPO_USER_FSPATH%\comment.cmtx" bkp:SourceExpandedPath="\\PSC-SRV25-ADC1.standard-gpo.domain\sysvol\standard-gpo.domain\Policies\{406A128F-55D9-415A-8D92-363E42281A32}\User\comment.cmtx" bkp:Location="DomainSysvol\GPO\User\comment.cmtx"/><FSObjectDir bkp:Path="%GPO_USER_FSPATH%\Preferences" bkp:SourceExpandedPath="\\PSC-SRV25-ADC1.standard-gpo.domain\sysvol\standard-gpo.domain\Policies\{406A128F-55D9-415A-8D92-363E42281A32}\User\Preferences" bkp:Location="DomainSysvol\GPO\User\Preferences"/><FSObjectDir bkp:Path="%GPO_USER_FSPATH%\Preferences\Files" bkp:SourceExpandedPath="\\PSC-SRV25-ADC1.standard-gpo.domain\sysvol\standard-gpo.domain\Policies\{406A128F-55D9-415A-8D92-363E42281A32}\User\Preferences\Files" bkp:Location="DomainSysvol\GPO\User\Preferences\Files"/><FSObjectFile bkp:Path="%GPO_USER_FSPATH%\Preferences\Files\Files.xml" bkp:SourceExpandedPath="\\PSC-SRV25-ADC1.standard-gpo.domain\sysvol\standard-gpo.domain\Policies\{406A128F-55D9-415A-8D92-363E42281A32}\User\Preferences\Files\Files.xml" bkp:Location="DomainSysvol\GPO\User\Preferences\Files\Files.xml"/><FSObjectDir bkp:Path="%GPO_USER_FSPATH%\Preferences\Shortcuts" bkp:SourceExpandedPath="\\PSC-SRV25-ADC1.standard-gpo.domain\sysvol\standard-gpo.domain\Policies\{406A128F-55D9-415A-8D92-363E42281A32}\User\Preferences\Shortcuts" bkp:Location="DomainSysvol\GPO\User\Preferences\Shortcuts"/></GroupPolicyExtension></GroupPolicyObject>
</GroupPolicyBackupScheme>