<BackupInst xmlns="http://www.microsoft.com/GroupPolicy/GPOOperations/Manifest"><GPOGuid><![CDATA[{406A128F-55D9-415A-8D92-363E42281A32}]]></GPOGuid><GPODomain><![CDATA[standard-gpo.domain]]></GPODomain><GPODomainGuid><![CDATA[{15b8ef7f-fd5a-4b30-b1ed-5b31e51e4e12}]]></GPODomainGuid><GPODomainController><![CDATA[PSC-SRV25-ADC1.standard-gpo.domain]]></GPODomainController><BackupTime><![CDATA[2025-10-06T13:04:03]]></BackupTime><ID><![CDATA[{6D877B1B-BC10-4BBA-9E51-B66E5DAA29F8}]]></ID><Comment><![CDATA[]]></Comment><GPODisplayName><![CDATA[OBSOLETE_OPT-EF_User_Dispo_Files_Clear-WindowsStartMenue]]></GPODisplayName></BackupInst>
