<BackupInst xmlns="http://www.microsoft.com/GroupPolicy/GPOOperations/Manifest"><GPOGuid><![CDATA[{B0FBE204-C9C6-4657-9830-1F3765E175F2}]]></GPOGuid><GPODomain><![CDATA[standard-gpo.domain]]></GPODomain><GPODomainGuid><![CDATA[{15b8ef7f-fd5a-4b30-b1ed-5b31e51e4e12}]]></GPODomainGuid><GPODomainController><![CDATA[PSC-SRV25-ADC1.standard-gpo.domain]]></GPODomainController><BackupTime><![CDATA[2025-10-06T13:04:12]]></BackupTime><ID><![CDATA[{08CF9736-8185-45FC-B02E-E89FE9AB8E53}]]></ID><Comment><![CDATA[]]></Comment><GPODisplayName><![CDATA[TESTING_EF_Computer_Client-Server-DC_WinComponents-MSDefenderAntiVir_CompleteOff]]></GPODisplayName></BackupInst>
