<?xml version="1.0" encoding="utf-8"?>
<Files clsid="{215B2E53-57CE-475c-80FE-9EEC14635851}"><File clsid="{50BE44C8-567A-4ed1-B1D0-9234FE1F38AF}" name="eurofunk_1920-1080.jpg" status="eurofunk_1920-1080.jpg" image="0" changed="2025-01-28 11:34:56" uid="{D408B7A5-0A1D-4932-9F9A-B5183C996510}" bypassErrors="1"><Properties action="C" fromPath="\\PSC-SRV25-FILE1\gpo-daten\Wallpaper\eurofunk_1920-1080.jpg" targetPath="C:\Windows\Web\Wallpaper\Windows\eurofunk_1920-1080.jpg" readOnly="0" archive="1" hidden="0"/><Filters/></File>
	<File clsid="{50BE44C8-567A-4ed1-B1D0-9234FE1F38AF}" name="eurofunk_1280-720.jpg" status="eurofunk_1280-720.jpg" image="0" changed="2025-01-28 11:35:57" uid="{FB0DE0A1-3FFC-4F70-8F18-D5CF6833672A}" bypassErrors="1"><Properties action="C" fromPath="\\PSC-SRV25-FILE1\gpo-daten\Wallpaper\eurofunk_1280-720.jpg" targetPath="C:\Windows\Web\Wallpaper\Windows\eurofunk_1280-720.jpg" readOnly="0" archive="1" hidden="0"/><Filters/></File>
	<File clsid="{50BE44C8-567A-4ed1-B1D0-9234FE1F38AF}" name="eurofunk_3840-1080.jpg" status="eurofunk_3840-1080.jpg" image="0" changed="2025-01-28 11:36:35" uid="{98C3CC73-961E-45AE-9314-9EED662DC7BA}" bypassErrors="1"><Properties action="C" fromPath="\\PSC-SRV25-FILE1\gpo-daten\Wallpaper\eurofunk_3840-1080.jpg" targetPath="C:\Windows\Web\Wallpaper\Windows\eurofunk_3840-1080.jpg" readOnly="0" archive="1" hidden="0"/><Filters/></File>
	<File clsid="{50BE44C8-567A-4ed1-B1D0-9234FE1F38AF}" name="eurofunk_3840-2160.jpg" status="eurofunk_3840-2160.jpg" image="0" changed="2025-01-28 11:37:06" uid="{0C87EB1E-21FA-4AC9-92E1-53A0F8CDA7C3}" bypassErrors="1"><Properties action="C" fromPath="\\PSC-SRV25-FILE1\gpo-daten\Wallpaper\eurofunk_3840-2160.jpg" targetPath="C:\Windows\Web\Wallpaper\Windows\eurofunk_3840-2160.jpg" readOnly="0" archive="1" hidden="0"/><Filters/></File>
	<File clsid="{50BE44C8-567A-4ed1-B1D0-9234FE1F38AF}" name="eurofunk_5120-1440.jpg" status="eurofunk_5120-1440.jpg" image="0" changed="2025-01-28 11:37:33" uid="{828CFAA5-2E35-47D8-9A57-36E90BC1763E}" bypassErrors="1"><Properties action="C" fromPath="\\PSC-SRV25-FILE1\gpo-daten\Wallpaper\eurofunk_5120-1440.jpg" targetPath="C:\Windows\Web\Wallpaper\Windows\eurofunk_5120-1440.jpg" readOnly="0" archive="1" hidden="0"/><Filters/></File>
	<File clsid="{50BE44C8-567A-4ed1-B1D0-9234FE1F38AF}" name="eurofunk_7018-1974.jpg" status="eurofunk_7018-1974.jpg" image="0" changed="2025-01-28 11:38:05" uid="{AD62DE80-E220-48FE-9B55-0E9424F9626A}" bypassErrors="1"><Properties action="C" fromPath="\\PSC-SRV25-FILE1\gpo-daten\Wallpaper\eurofunk_7018-1974.jpg" targetPath="C:\Windows\Web\Wallpaper\Windows\eurofunk_7018-1974.jpg" readOnly="0" archive="1" hidden="0"/><Filters/></File>
</Files>
