<BackupInst xmlns="http://www.microsoft.com/GroupPolicy/GPOOperations/Manifest"><GPOGuid><![CDATA[{D02B9FC4-4E4D-4166-85BD-E0528A6CCE36}]]></GPOGuid><GPODomain><![CDATA[standard-gpo.domain]]></GPODomain><GPODomainGuid><![CDATA[{15b8ef7f-fd5a-4b30-b1ed-5b31e51e4e12}]]></GPODomainGuid><GPODomainController><![CDATA[PSC-SRV25-ADC1.standard-gpo.domain]]></GPODomainController><BackupTime><![CDATA[2025-10-06T13:03:30]]></BackupTime><ID><![CDATA[{2637EEE8-833A-485F-9EC3-5C890394142A}]]></ID><Comment><![CDATA[]]></Comment><GPODisplayName><![CDATA[_!-EF_Computer_Global_SetUserAccountPictures]]></GPODisplayName></BackupInst>
