<BackupInst xmlns="http://www.microsoft.com/GroupPolicy/GPOOperations/Manifest"><GPOGuid><![CDATA[{9925FADE-FFF3-4850-9106-3C542A956924}]]></GPOGuid><GPODomain><![CDATA[standard-gpo.domain]]></GPODomain><GPODomainGuid><![CDATA[{15b8ef7f-fd5a-4b30-b1ed-5b31e51e4e12}]]></GPODomainGuid><GPODomainController><![CDATA[PSC-SRV25-ADC1.standard-gpo.domain]]></GPODomainController><BackupTime><![CDATA[2025-10-06T13:04:12]]></BackupTime><ID><![CDATA[{83E2C575-47EE-4245-B7B1-BA28D4FDDA94}]]></ID><Comment><![CDATA[]]></Comment><GPODisplayName><![CDATA[TESTING_EF_Computer_Server_Update-EF-WinSRV-Background]]></GPODisplayName></BackupInst>
