<BackupInst xmlns="http://www.microsoft.com/GroupPolicy/GPOOperations/Manifest"><GPOGuid><![CDATA[{3EEA8451-9412-4847-AE30-33A108486E50}]]></GPOGuid><GPODomain><![CDATA[standard-gpo.domain]]></GPODomain><GPODomainGuid><![CDATA[{15b8ef7f-fd5a-4b30-b1ed-5b31e51e4e12}]]></GPODomainGuid><GPODomainController><![CDATA[PSC-SRV25-ADC1.standard-gpo.domain]]></GPODomainController><BackupTime><![CDATA[2025-10-06T13:03:35]]></BackupTime><ID><![CDATA[{57F5D7B5-BFDF-4303-B538-7879950B05C3}]]></ID><Comment><![CDATA[]]></Comment><GPODisplayName><![CDATA[_!-EF_User_Dispo_Files_Autostart-IDDS]]></GPODisplayName></BackupInst>
