<BackupInst xmlns="http://www.microsoft.com/GroupPolicy/GPOOperations/Manifest"><GPOGuid><![CDATA[{106C6391-F4F6-4DD5-B429-F93E737970E7}]]></GPOGuid><GPODomain><![CDATA[standard-gpo.domain]]></GPODomain><GPODomainGuid><![CDATA[{15b8ef7f-fd5a-4b30-b1ed-5b31e51e4e12}]]></GPODomainGuid><GPODomainController><![CDATA[PSC-SRV25-ADC1.standard-gpo.domain]]></GPODomainController><BackupTime><![CDATA[2025-10-06T13:04:05]]></BackupTime><ID><![CDATA[{8D2316A9-6ADA-4053-B14A-7EF433F529C9}]]></ID><Comment><![CDATA[]]></Comment><GPODisplayName><![CDATA[OPT-EF_Computer_Client-Server_Registry_Spool-Printers-Directory-on-D]]></GPODisplayName></BackupInst>
