<BackupInst xmlns="http://www.microsoft.com/GroupPolicy/GPOOperations/Manifest"><GPOGuid><![CDATA[{5880473C-76C2-4188-B330-B1E1DDF2B00C}]]></GPOGuid><GPODomain><![CDATA[standard-gpo.domain]]></GPODomain><GPODomainGuid><![CDATA[{15b8ef7f-fd5a-4b30-b1ed-5b31e51e4e12}]]></GPODomainGuid><GPODomainController><![CDATA[PSC-SRV25-ADC1.standard-gpo.domain]]></GPODomainController><BackupTime><![CDATA[2025-10-06T13:03:19]]></BackupTime><ID><![CDATA[{F948F263-FA16-4BD1-8B3F-D04995678631}]]></ID><Comment><![CDATA[]]></Comment><GPODisplayName><![CDATA[_!-EF_Computer_Client_EAP_Files_Std-Desktoplink-on-D]]></GPODisplayName></BackupInst>
