<?xml version="1.0" encoding="utf-8"?>
<RegistrySettings clsid="{A3CCFC41-DFDB-43a5-8D26-0FE8B954DA51}"><Registry clsid="{9CD4B2F4-923D-47f5-A062-E897DD1DAD50}" name="AllowPinnedFolderDocuments" status="AllowPinnedFolderDocuments" image="12" changed="2020-03-27 09:31:44" uid="{C8199A86-669E-4065-9AFD-D0CA2BCD48C5}" bypassErrors="1"><Properties action="U" displayDecimal="1" default="0" hive="HKEY_LOCAL_MACHINE" key="SOFTWARE\Microsoft\PolicyManager\current\device\Start" name="AllowPinnedFolderDocuments" type="REG_DWORD" value="00000000"/></Registry>
	<Registry clsid="{9CD4B2F4-923D-47f5-A062-E897DD1DAD50}" name="AllowPinnedFolderDocuments_ProviderSet" status="AllowPinnedFolderDocuments_ProviderSet" image="12" changed="2020-03-27 09:22:35" uid="{8F63735A-3BA9-4942-80A8-2117F4318B4B}"><Properties action="U" displayDecimal="0" default="0" hive="HKEY_LOCAL_MACHINE" key="SOFTWARE\Microsoft\PolicyManager\current\device\Start" name="AllowPinnedFolderDocuments_ProviderSet" type="REG_DWORD" value="00000001"/></Registry>
	<Registry clsid="{9CD4B2F4-923D-47f5-A062-E897DD1DAD50}" name="AllowPinnedFolderDownloads" status="AllowPinnedFolderDownloads" image="12" changed="2020-03-27 09:22:56" uid="{F71E4768-2B74-48C1-A25B-58C5A8E96E5B}"><Properties action="U" displayDecimal="0" default="0" hive="HKEY_LOCAL_MACHINE" key="SOFTWARE\Microsoft\PolicyManager\current\device\Start" name="AllowPinnedFolderDownloads" type="REG_DWORD" value="00000000"/></Registry>
	<Registry clsid="{9CD4B2F4-923D-47f5-A062-E897DD1DAD50}" name="AllowPinnedFolderDownloads_ProviderSet" status="AllowPinnedFolderDownloads_ProviderSet" image="12" changed="2020-03-27 09:23:22" uid="{2CB3C3AC-C84F-4FFD-BA5F-7F4FB41555EE}"><Properties action="U" displayDecimal="0" default="0" hive="HKEY_LOCAL_MACHINE" key="SOFTWARE\Microsoft\PolicyManager\current\device\Start" name="AllowPinnedFolderDownloads_ProviderSet" type="REG_DWORD" value="00000001"/></Registry>
	<Registry clsid="{9CD4B2F4-923D-47f5-A062-E897DD1DAD50}" name="AllowPinnedFolderFileExplorer" status="AllowPinnedFolderFileExplorer" image="12" changed="2020-03-27 09:24:02" uid="{C6B60DB8-C7C4-4B0D-9DD5-C46D24A785EA}"><Properties action="U" displayDecimal="0" default="0" hive="HKEY_LOCAL_MACHINE" key="SOFTWARE\Microsoft\PolicyManager\current\device\Start" name="AllowPinnedFolderFileExplorer" type="REG_DWORD" value="00000000"/></Registry>
	<Registry clsid="{9CD4B2F4-923D-47f5-A062-E897DD1DAD50}" name="AllowPinnedFolderFileExplorer_ProviderSet" status="AllowPinnedFolderFileExplorer_ProviderSet" image="12" changed="2020-03-27 09:24:36" uid="{615C413A-1F53-4570-8641-DFE067F97835}"><Properties action="U" displayDecimal="0" default="0" hive="HKEY_LOCAL_MACHINE" key="SOFTWARE\Microsoft\PolicyManager\current\device\Start" name="AllowPinnedFolderFileExplorer_ProviderSet" type="REG_DWORD" value="00000001"/></Registry>
	<Registry clsid="{9CD4B2F4-923D-47f5-A062-E897DD1DAD50}" name="AllowPinnedFolderPersonalFolder" status="AllowPinnedFolderPersonalFolder" image="12" changed="2020-03-27 09:25:45" uid="{1C64D4B5-F94E-48F2-BF36-BDCC2899F974}"><Properties action="U" displayDecimal="0" default="0" hive="HKEY_LOCAL_MACHINE" key="SOFTWARE\Microsoft\PolicyManager\current\device\Start" name="AllowPinnedFolderPersonalFolder" type="REG_DWORD" value="00000001"/></Registry>
	<Registry clsid="{9CD4B2F4-923D-47f5-A062-E897DD1DAD50}" name="AllowPinnedFolderPersonalFolder_ProviderSet" status="AllowPinnedFolderPersonalFolder_ProviderSet" image="12" changed="2020-03-27 09:26:07" uid="{AC8C337B-74D9-4FC6-A6D1-EE59001B4C49}"><Properties action="U" displayDecimal="0" default="0" hive="HKEY_LOCAL_MACHINE" key="SOFTWARE\Microsoft\PolicyManager\current\device\Start" name="AllowPinnedFolderPersonalFolder_ProviderSet" type="REG_DWORD" value="00000001"/></Registry>
	<Registry clsid="{9CD4B2F4-923D-47f5-A062-E897DD1DAD50}" name="AllowPinnedFolderPictures" status="AllowPinnedFolderPictures" image="12" changed="2020-03-27 09:32:19" uid="{6C2B0D68-5C62-4F2E-945D-C546835F7FC4}"><Properties action="U" displayDecimal="0" default="0" hive="HKEY_LOCAL_MACHINE" key="SOFTWARE\Microsoft\PolicyManager\current\device\Start" name="AllowPinnedFolderPictures" type="REG_DWORD" value="00000000"/></Registry>
	<Registry clsid="{9CD4B2F4-923D-47f5-A062-E897DD1DAD50}" name="AllowPinnedFolderPictures_ProviderSet" status="AllowPinnedFolderPictures_ProviderSet" image="12" changed="2020-03-27 09:28:31" uid="{837903BC-2EA4-4102-86C3-374BAC56C490}"><Properties action="U" displayDecimal="0" default="0" hive="HKEY_LOCAL_MACHINE" key="SOFTWARE\Microsoft\PolicyManager\current\device\Start" name="AllowPinnedFolderPictures_ProviderSet" type="REG_DWORD" value="00000001"/></Registry>
	<Registry clsid="{9CD4B2F4-923D-47f5-A062-E897DD1DAD50}" name="AllowPinnedFolderSettings" status="AllowPinnedFolderSettings" image="12" changed="2020-03-27 09:29:43" uid="{F6F7B0A1-496A-4CD0-B1F4-0B64B9C260CB}"><Properties action="U" displayDecimal="0" default="0" hive="HKEY_LOCAL_MACHINE" key="SOFTWARE\Microsoft\PolicyManager\current\device\Start" name="AllowPinnedFolderSettings" type="REG_DWORD" value="00000000"/></Registry>
	<Registry clsid="{9CD4B2F4-923D-47f5-A062-E897DD1DAD50}" name="AllowPinnedFolderSettings_ProviderSet" status="AllowPinnedFolderSettings_ProviderSet" image="12" changed="2020-03-27 09:30:10" uid="{03E2562D-BB5E-4CBD-849E-A21F50F63CA9}"><Properties action="U" displayDecimal="0" default="0" hive="HKEY_LOCAL_MACHINE" key="SOFTWARE\Microsoft\PolicyManager\current\device\Start" name="AllowPinnedFolderSettings_ProviderSet" type="REG_DWORD" value="00000001"/></Registry>
	<Registry clsid="{9CD4B2F4-923D-47f5-A062-E897DD1DAD50}" name="AllowPinnedFolderNetwork" status="AllowPinnedFolderNetwork" image="12" changed="2020-03-27 09:30:37" uid="{BAD72CC5-CE0B-4083-A87D-500313D7041C}"><Properties action="U" displayDecimal="0" default="0" hive="HKEY_LOCAL_MACHINE" key="SOFTWARE\Microsoft\PolicyManager\current\device\Start" name="AllowPinnedFolderNetwork" type="REG_DWORD" value="00000000"/></Registry>
	<Registry clsid="{9CD4B2F4-923D-47f5-A062-E897DD1DAD50}" name="AllowPinnedFolderNetwork_ProviderSet" status="AllowPinnedFolderNetwork_ProviderSet" image="12" changed="2020-03-27 09:31:29" uid="{EBEA9E2C-6349-4770-A542-B8DBE98B5C54}"><Properties action="U" displayDecimal="0" default="0" hive="HKEY_LOCAL_MACHINE" key="SOFTWARE\Microsoft\PolicyManager\current\device\Start" name="AllowPinnedFolderNetwork_ProviderSet" type="REG_DWORD" value="00000001"/></Registry>
	<Registry clsid="{9CD4B2F4-923D-47f5-A062-E897DD1DAD50}" name="AllowPinnedFolderMusic" status="AllowPinnedFolderMusic" image="12" changed="2020-03-27 09:48:47" uid="{09E3E291-4563-4F94-9176-AFE57DAB8E62}"><Properties action="U" displayDecimal="0" default="0" hive="HKEY_LOCAL_MACHINE" key="SOFTWARE\Microsoft\PolicyManager\current\device\Start" name="AllowPinnedFolderMusic" type="REG_DWORD" value="00000000"/></Registry>
	<Registry clsid="{9CD4B2F4-923D-47f5-A062-E897DD1DAD50}" name="AllowPinnedFolderMusic_ProviderSet" status="AllowPinnedFolderMusic_ProviderSet" image="12" changed="2020-03-27 09:49:14" uid="{9AAE4FF3-73CD-4804-8C7F-B5CE24B8AB23}"><Properties action="U" displayDecimal="0" default="0" hive="HKEY_LOCAL_MACHINE" key="SOFTWARE\Microsoft\PolicyManager\current\device\Start" name="AllowPinnedFolderMusic_ProviderSet" type="REG_DWORD" value="00000001"/></Registry>
	<Registry clsid="{9CD4B2F4-923D-47f5-A062-E897DD1DAD50}" name="AllowPinnedFolderVideos" status="AllowPinnedFolderVideos" image="12" changed="2020-03-27 09:49:40" uid="{65AFB349-292A-4000-85FE-EA2FA0AB8B1C}"><Properties action="U" displayDecimal="0" default="0" hive="HKEY_LOCAL_MACHINE" key="SOFTWARE\Microsoft\PolicyManager\current\device\Start" name="AllowPinnedFolderVideos" type="REG_DWORD" value="00000000"/></Registry>
	<Registry clsid="{9CD4B2F4-923D-47f5-A062-E897DD1DAD50}" name="AllowPinnedFolderVideos_ProviderSet" status="AllowPinnedFolderVideos_ProviderSet" image="12" changed="2020-03-27 09:50:01" uid="{0C367EC5-339A-4933-92E4-D9443ED59CA9}"><Properties action="U" displayDecimal="0" default="0" hive="HKEY_LOCAL_MACHINE" key="SOFTWARE\Microsoft\PolicyManager\current\device\Start" name="AllowPinnedFolderVideos_ProviderSet" type="REG_DWORD" value="00000001"/></Registry>
</RegistrySettings>
