<BackupInst xmlns="http://www.microsoft.com/GroupPolicy/GPOOperations/Manifest"><GPOGuid><![CDATA[{9B0DA84C-EE22-4A82-8B30-5114D6BAF383}]]></GPOGuid><GPODomain><![CDATA[standard-gpo.domain]]></GPODomain><GPODomainGuid><![CDATA[{15b8ef7f-fd5a-4b30-b1ed-5b31e51e4e12}]]></GPODomainGuid><GPODomainController><![CDATA[PSC-SRV25-ADC1.standard-gpo.domain]]></GPODomainController><BackupTime><![CDATA[2025-10-06T13:04:06]]></BackupTime><ID><![CDATA[{0AB4E489-3DEB-484C-8F26-8BAF0DC22F8D}]]></ID><Comment><![CDATA[]]></Comment><GPODisplayName><![CDATA[OPT-EF_SecurityBaseline_Computer_Cluster_Securityoption-SMB-Signature]]></GPODisplayName></BackupInst>
