<BackupInst xmlns="http://www.microsoft.com/GroupPolicy/GPOOperations/Manifest"><GPOGuid><![CDATA[{5CCA1DC6-9B37-4BEE-9C34-BB5855E068D4}]]></GPOGuid><GPODomain><![CDATA[standard-gpo.domain]]></GPODomain><GPODomainGuid><![CDATA[{15b8ef7f-fd5a-4b30-b1ed-5b31e51e4e12}]]></GPODomainGuid><GPODomainController><![CDATA[PSC-SRV25-ADC1.standard-gpo.domain]]></GPODomainController><BackupTime><![CDATA[2025-10-06T13:04:01]]></BackupTime><ID><![CDATA[{95598767-7D3D-4E85-B1F2-73EFAF2444AB}]]></ID><Comment><![CDATA[]]></Comment><GPODisplayName><![CDATA[MS_SecurityBaseline_Computer_Global_WinComponents-WinDefenderSmartScreen]]></GPODisplayName></BackupInst>
