<BackupInst xmlns="http://www.microsoft.com/GroupPolicy/GPOOperations/Manifest"><GPOGuid><![CDATA[{E338DCE7-24B8-48EF-871A-E9054AC62D32}]]></GPOGuid><GPODomain><![CDATA[standard-gpo.domain]]></GPODomain><GPODomainGuid><![CDATA[{15b8ef7f-fd5a-4b30-b1ed-5b31e51e4e12}]]></GPODomainGuid><GPODomainController><![CDATA[PSC-SRV25-ADC1.standard-gpo.domain]]></GPODomainController><BackupTime><![CDATA[2025-10-06T13:04:13]]></BackupTime><ID><![CDATA[{F3D98D24-FCEF-4E9F-90D4-A6AD3D6FABC6}]]></ID><Comment><![CDATA[]]></Comment><GPODisplayName><![CDATA[TESTING_EF_User_EF-TerminalUser_DesktopHintergrund]]></GPODisplayName></BackupInst>
