<?xml version="1.0" encoding="utf-8"?>
<Files clsid="{215B2E53-57CE-475c-80FE-9EEC14635851}"><File clsid="{50BE44C8-567A-4ed1-B1D0-9234FE1F38AF}" name="Einsatzbearbeitung.lnk" status="Einsatzbearbeitung.lnk" image="0" changed="2024-12-03 09:47:42" uid="{234A21A6-86D3-41C7-888A-C87FE7623837}"><Properties action="C" fromPath="\\PSC-SRV25-FILE1\GPO-Daten\ELDIS Applikationen\eurofunk Applikationen ELP\Einsatzbearbeitung.lnk" targetPath="C:\Users\Public\Desktop\Echtsystem\Einsatzbearbeitung.lnk" readOnly="0" archive="1" hidden="0"/></File>
	<File clsid="{50BE44C8-567A-4ed1-B1D0-9234FE1F38AF}" name="EIBA+GEO+ERM+Kompass.lnk" status="EIBA+GEO+ERM+Kompass.lnk" image="0" changed="2024-12-03 09:47:47" uid="{99DE5E27-7892-403A-B799-440E85F97325}"><Properties action="C" fromPath="\\PSC-SRV25-FILE1\GPO-Daten\ELDIS Applikationen\eurofunk Applikationen ELP\EIBA+GEO+ERM+Kompass.lnk" targetPath="C:\Users\Public\Desktop\Echtsystem\EIBA+GEO+ERM+Kompass.lnk" readOnly="0" archive="1" hidden="0"/></File>
	<File clsid="{50BE44C8-567A-4ed1-B1D0-9234FE1F38AF}" name="ERM Konfigurator.lnk" status="ERM Konfigurator.lnk" image="0" changed="2024-12-03 09:47:53" uid="{8354D635-C189-415E-826B-FFF38E980674}"><Properties action="C" fromPath="\\PSC-SRV25-FILE1\GPO-Daten\ELDIS Applikationen\eurofunk Applikationen ELP\ERM Konfigurator.lnk" targetPath="C:\Users\Public\Desktop\Echtsystem\ERM Konfigurator.lnk" readOnly="0" archive="1" hidden="0"/></File>
	<File clsid="{50BE44C8-567A-4ed1-B1D0-9234FE1F38AF}" name="ERM.lnk" status="ERM.lnk" image="0" changed="2024-12-03 09:47:57" uid="{99C14F1C-00C7-4D9A-AB9B-13080FFACBED}"><Properties action="C" fromPath="\\PSC-SRV25-FILE1\GPO-Daten\ELDIS Applikationen\eurofunk Applikationen ELP\ERM.lnk" targetPath="C:\Users\Public\Desktop\Echtsystem\ERM.lnk" readOnly="0" archive="1" hidden="0"/></File>
	<File clsid="{50BE44C8-567A-4ed1-B1D0-9234FE1F38AF}" name="GEO.lnk" status="GEO.lnk" image="0" changed="2024-12-03 09:48:02" uid="{5DD6AD5F-AC55-4385-B9DA-BD79D15526BD}"><Properties action="C" fromPath="\\PSC-SRV25-FILE1\GPO-Daten\ELDIS Applikationen\eurofunk Applikationen ELP\GEO.lnk" targetPath="C:\Users\Public\Desktop\Echtsystem\GEO.lnk" readOnly="0" archive="1" hidden="0"/></File>
	<File clsid="{50BE44C8-567A-4ed1-B1D0-9234FE1F38AF}" name="Kompass.lnk" status="Kompass.lnk" image="0" changed="2024-12-03 09:48:06" uid="{DD06F829-7290-4A1D-9C1E-F93DDD6DE393}"><Properties action="C" fromPath="\\PSC-SRV25-FILE1\GPO-Daten\ELDIS Applikationen\eurofunk Applikationen ELP\Kompass.lnk" targetPath="C:\Users\Public\Desktop\Echtsystem\Kompass.lnk" readOnly="0" archive="1" hidden="0"/></File>
	<File clsid="{50BE44C8-567A-4ed1-B1D0-9234FE1F38AF}" name="Wahlhilfe.lnk" status="Wahlhilfe.lnk" image="0" changed="2024-12-03 09:48:13" uid="{EB27815E-CCDB-42DE-82B3-CAA900F5F615}"><Properties action="C" fromPath="\\PSC-SRV25-FILE1\GPO-Daten\ELDIS Applikationen\eurofunk Applikationen ELP\Wahlhilfe.lnk" targetPath="C:\Users\Public\Desktop\Echtsystem\Wahlhilfe.lnk" readOnly="0" archive="1" hidden="0"/></File>
	<File clsid="{50BE44C8-567A-4ed1-B1D0-9234FE1F38AF}" name="EIBA+GEO+ERM+Kompass.lnk" status="EIBA+GEO+ERM+Kompass.lnk" image="0" changed="2024-12-03 09:48:19" uid="{DEF3C7FE-B398-406B-9EBF-A87E8117DD3F}"><Properties action="C" fromPath="\\PSC-SRV25-FILE1\GPO-Daten\ELDIS Applikationen\eurofunk Applikationen ELP\Notsystem\EIBA+GEO+ERM+Kompass.lnk" targetPath="C:\Users\Public\Desktop\Notsystem\EIBA+GEO+ERM+Kompass.lnk" readOnly="0" archive="1" hidden="0"/></File>
	<File clsid="{50BE44C8-567A-4ed1-B1D0-9234FE1F38AF}" name="Einsatzbearbeitung.lnk" status="Einsatzbearbeitung.lnk" image="0" changed="2024-12-03 09:48:24" uid="{0477007D-96AC-4419-93CF-EB2DEC060D38}"><Properties action="C" fromPath="\\PSC-SRV25-FILE1\GPO-Daten\ELDIS Applikationen\eurofunk Applikationen ELP\Notsystem\Einsatzbearbeitung.lnk" targetPath="C:\Users\Public\Desktop\Notsystem\Einsatzbearbeitung.lnk" readOnly="0" archive="1" hidden="0"/></File>
	<File clsid="{50BE44C8-567A-4ed1-B1D0-9234FE1F38AF}" name="ERM.lnk" status="ERM.lnk" image="0" changed="2024-12-03 09:48:29" uid="{29F9E6AE-6FFC-486D-B43F-A0898A657E7A}"><Properties action="C" fromPath="\\PSC-SRV25-FILE1\GPO-Daten\ELDIS Applikationen\eurofunk Applikationen ELP\Notsystem\ERM.lnk" targetPath="C:\Users\Public\Desktop\Notsystem\ERM.lnk" readOnly="0" archive="1" hidden="0"/></File>
	<File clsid="{50BE44C8-567A-4ed1-B1D0-9234FE1F38AF}" name="GEO.lnk" status="GEO.lnk" image="0" changed="2024-12-03 09:48:34" uid="{EB3F137D-C778-4D6D-9AFE-6C308333668D}"><Properties action="C" fromPath="\\PSC-SRV25-FILE1\GPO-Daten\ELDIS Applikationen\eurofunk Applikationen ELP\Notsystem\GEO.lnk" targetPath="C:\Users\Public\Desktop\Notsystem\GEO.lnk" readOnly="0" archive="1" hidden="0"/></File>
	<File clsid="{50BE44C8-567A-4ed1-B1D0-9234FE1F38AF}" name="Kompass.lnk" status="Kompass.lnk" image="0" changed="2024-12-03 09:48:38" uid="{8D4179E4-6C97-482C-BCE2-E86703242A44}"><Properties action="C" fromPath="\\PSC-SRV25-FILE1\GPO-Daten\ELDIS Applikationen\eurofunk Applikationen ELP\Notsystem\Kompass.lnk" targetPath="C:\Users\Public\Desktop\Notsystem\Kompass.lnk" readOnly="0" archive="1" hidden="0"/></File>
	<File clsid="{50BE44C8-567A-4ed1-B1D0-9234FE1F38AF}" name="Wahlhilfe.lnk" status="Wahlhilfe.lnk" image="0" changed="2024-12-03 09:48:43" uid="{FD66F171-8911-447D-96B9-5F48995FC9CF}"><Properties action="C" fromPath="\\PSC-SRV25-FILE1\GPO-Daten\ELDIS Applikationen\eurofunk Applikationen ELP\NotsystemWahlhilfe.lnk" targetPath="C:\Users\Public\Desktop\Notsystem\Wahlhilfe.lnk" readOnly="0" archive="1" hidden="0"/></File>
	<File clsid="{50BE44C8-567A-4ed1-B1D0-9234FE1F38AF}" name="EIBA+GEO+ERM.lnk" status="EIBA+GEO+ERM.lnk" image="0" changed="2024-12-03 09:48:49" uid="{93211880-7258-4D10-9A78-9E305A456DD9}"><Properties action="C" fromPath="\\PSC-SRV25-FILE1\GPO-Daten\ELDIS Applikationen\eurofunk Applikationen ELP\Schulungssystem\EIBA+GEO+ERM.lnk" targetPath="C:\Users\Public\Desktop\Schulungssystem\EIBA+GEO+ERM.lnk" readOnly="0" archive="1" hidden="0"/></File>
	<File clsid="{50BE44C8-567A-4ed1-B1D0-9234FE1F38AF}" name="Einsatzbearbeitung.lnk" status="Einsatzbearbeitung.lnk" image="0" changed="2024-12-03 09:48:57" uid="{DFA97BC4-D0BF-4BDF-8A65-7A7E133E93B3}"><Properties action="C" fromPath="\\PSC-SRV25-FILE1\GPO-Daten\ELDIS Applikationen\eurofunk Applikationen ELP\Schulungssystem\Einsatzbearbeitung.lnk" targetPath="C:\Users\Public\Desktop\Schulungssystem\Einsatzbearbeitung.lnk" readOnly="0" archive="1" hidden="0"/></File>
	<File clsid="{50BE44C8-567A-4ed1-B1D0-9234FE1F38AF}" name="ERM.lnk" status="ERM.lnk" image="0" changed="2024-12-03 09:49:02" uid="{4152C6ED-010E-4F19-AFD8-EB41C131E41D}"><Properties action="C" fromPath="\\PSC-SRV25-FILE1\GPO-Daten\ELDIS Applikationen\eurofunk Applikationen ELP\Schulungssystem\ERM.lnk" targetPath="C:\Users\Public\Desktop\Schulungssystem\ERM.lnk" readOnly="0" archive="1" hidden="0"/></File>
	<File clsid="{50BE44C8-567A-4ed1-B1D0-9234FE1F38AF}" name="GEO.lnk" status="GEO.lnk" image="0" changed="2024-12-03 09:49:07" uid="{6F4B39D5-C076-444B-AE12-D518C38E006B}"><Properties action="C" fromPath="\\PSC-SRV25-FILE1\GPO-Daten\ELDIS Applikationen\eurofunk Applikationen ELP\Schulungssystem\GEO.lnk" targetPath="C:\Users\Public\Desktop\Schulungssystem\GEO.lnk" readOnly="0" archive="1" hidden="0"/></File>
	<File clsid="{50BE44C8-567A-4ed1-B1D0-9234FE1F38AF}" name="Stammdaten.lnk" status="Stammdaten.lnk" image="0" changed="2024-12-03 09:49:12" uid="{614CEDC5-4345-4965-9D4A-F353C240692E}"><Properties action="C" fromPath="\\PSC-SRV25-FILE1\GPO-Daten\ELDIS Applikationen\eurofunk Applikationen ELP\Stammdaten.lnk" targetPath="C:\Users\Public\Desktop\Echtsystem\Stammdaten.lnk" readOnly="0" archive="1" hidden="0"/></File>
	<File clsid="{50BE44C8-567A-4ed1-B1D0-9234FE1F38AF}" name="Stammdaten.lnk" status="Stammdaten.lnk" image="0" changed="2024-12-03 09:49:19" uid="{C8CE23B3-84A9-49E6-BF63-450060711D14}"><Properties action="C" fromPath="\\PSC-SRV25-FILE1\GPO-Daten\ELDIS Applikationen\eurofunk Applikationen ELP\Notsystem\Stammdaten.lnk" targetPath="C:\Users\Public\Desktop\Notsystem\Stammdaten.lnk" readOnly="0" archive="1" hidden="0"/></File>
	<File clsid="{50BE44C8-567A-4ed1-B1D0-9234FE1F38AF}" name="Stammdaten.lnk" status="Stammdaten.lnk" image="0" changed="2024-12-03 09:49:24" uid="{7A9902D8-42F2-4C03-A635-11C797901C12}"><Properties action="C" fromPath="\\PSC-SRV25-FILE1\GPO-Daten\ELDIS Applikationen\eurofunk Applikationen ELP\Schulungssystem\Stammdaten.lnk" targetPath="C:\Users\Public\Desktop\Schulungssystem\Stammdaten.lnk" readOnly="0" archive="1" hidden="0"/></File>
	<File clsid="{50BE44C8-567A-4ed1-B1D0-9234FE1F38AF}" name="EIBA+GEO+Kompass.lnk" status="EIBA+GEO+Kompass.lnk" image="0" changed="2024-12-03 09:49:30" uid="{87342740-3987-4EC5-9FD7-7CC313366792}"><Properties action="C" fromPath="\\PSC-SRV25-FILE1\GPO-Daten\ELDIS Applikationen\eurofunk Applikationen ELP\EIBA+GEO+Kompass.lnk" targetPath="C:\Users\Public\Desktop\Echtsystem\EIBA+GEO+Kompass.lnk" readOnly="0" archive="1" hidden="0"/></File>
	<File clsid="{50BE44C8-567A-4ed1-B1D0-9234FE1F38AF}" name="EIBA+GEO+Kompass.lnk" status="EIBA+GEO+Kompass.lnk" image="0" changed="2024-12-03 09:49:37" uid="{8AA5CC36-6BD5-411D-B0B1-1FDD600BAC0C}"><Properties action="C" fromPath="\\PSC-SRV25-FILE1\GPO-Daten\ELDIS Applikationen\eurofunk Applikationen ELP\Notsystem\EIBA+GEO+Kompass.lnk" targetPath="C:\Users\Public\Desktop\Notsystem\EIBA+GEO+Kompass.lnk" readOnly="0" archive="1" hidden="0"/></File>
	<File clsid="{50BE44C8-567A-4ed1-B1D0-9234FE1F38AF}" name="Berechtigungsverwaltung.lnk" status="Berechtigungsverwaltung.lnk" image="0" changed="2024-12-03 09:49:42" uid="{F6AEF989-7D00-4F37-BED7-294719FB04E5}"><Properties action="C" fromPath="\\PSC-SRV25-FILE1\GPO-Daten\ELDIS Applikationen\eurofunk Applikationen ELP\Berechtigungsverwaltung.lnk" targetPath="C:\Users\Public\Desktop\Echtsystem\Berechtigungsverwaltung.lnk" readOnly="0" archive="1" hidden="0"/></File>
	<File clsid="{50BE44C8-567A-4ed1-B1D0-9234FE1F38AF}" name="Berechtigungsverwaltung.lnk" status="Berechtigungsverwaltung.lnk" image="0" changed="2024-12-03 09:49:46" uid="{D3AF0B22-9E01-4CAD-836D-A50A87157D1A}"><Properties action="C" fromPath="\\PSC-SRV25-FILE1\GPO-Daten\ELDIS Applikationen\eurofunk Applikationen ELP\Notsystem\Berechtigungsverwaltung.lnk" targetPath="C:\Users\Public\Desktop\Notsystem\Berechtigungsverwaltung.lnk" readOnly="0" archive="1" hidden="0"/></File>
	<File clsid="{50BE44C8-567A-4ed1-B1D0-9234FE1F38AF}" name="Berechtigungsverwaltung.lnk" status="Berechtigungsverwaltung.lnk" image="0" changed="2024-12-03 09:49:52" uid="{FE1F8B39-C34A-4122-82EA-523D6B1FD6BF}"><Properties action="C" fromPath="\\PSC-SRV25-FILE1\GPO-Daten\ELDIS Applikationen\eurofunk Applikationen ELP\Schulungssystem\Berechtigungsverwaltung.lnk" targetPath="C:\Users\Public\Desktop\Schulungssystem\Berechtigungsverwaltung.lnk" readOnly="0" archive="1" hidden="0"/></File>
	<File clsid="{50BE44C8-567A-4ed1-B1D0-9234FE1F38AF}" name="EIBA+GEO+ERM+Kompass+Stammdaten.lnk" status="EIBA+GEO+ERM+Kompass+Stammdaten.lnk" image="0" changed="2024-12-03 09:49:57" uid="{4E4AD4D7-2F92-445C-B9F3-E2F8EFC92151}"><Properties action="C" fromPath="\\PSC-SRV25-FILE1\GPO-Daten\ELDIS Applikationen\eurofunk Applikationen ELP\EIBA+GEO+ERM+Kompass+Stammdaten.lnk" targetPath="C:\Users\Public\Desktop\Echtsystem\EIBA+GEO+ERM+Kompass+Stammdaten.lnk" readOnly="0" archive="1" hidden="0"/></File>
</Files>
