<BackupInst xmlns="http://www.microsoft.com/GroupPolicy/GPOOperations/Manifest"><GPOGuid><![CDATA[{611018BE-B7DA-4C0F-B04F-BEF13BB53F06}]]></GPOGuid><GPODomain><![CDATA[standard-gpo.domain]]></GPODomain><GPODomainGuid><![CDATA[{15b8ef7f-fd5a-4b30-b1ed-5b31e51e4e12}]]></GPODomainGuid><GPODomainController><![CDATA[PSC-SRV25-ADC1.standard-gpo.domain]]></GPODomainController><BackupTime><![CDATA[2025-10-06T13:03:38]]></BackupTime><ID><![CDATA[{58D13EC7-4CB9-4E82-8B54-C1734283C1D6}]]></ID><Comment><![CDATA[]]></Comment><GPODisplayName><![CDATA[EF_Computer_Client_Registry-ActivateWinPhotoViewer]]></GPODisplayName></BackupInst>
