<?xml version="1.0" encoding="utf-8"?>
<Files clsid="{215B2E53-57CE-475c-80FE-9EEC14635851}"><File clsid="{50BE44C8-567A-4ed1-B1D0-9234FE1F38AF}" name="Einsatzbearbeitung.lnk" status="Einsatzbearbeitung.lnk" image="0" changed="2024-12-03 09:51:48" uid="{8A5F7375-E641-46F8-8B29-DF041B5E0F1C}"><Properties action="C" fromPath="\\PSC-SRV25-FILE1\GPO-Daten\ELDIS Applikationen\eurofunk Applikationen ELP\Einsatzbearbeitung.lnk" targetPath="D:\Users\Public\Desktop\Echtsystem\Einsatzbearbeitung.lnk" readOnly="0" archive="1" hidden="0"/></File>
	<File clsid="{50BE44C8-567A-4ed1-B1D0-9234FE1F38AF}" name="EIBA+GEO+ERM+Kompass.lnk" status="EIBA+GEO+ERM+Kompass.lnk" image="0" changed="2024-12-03 09:51:52" uid="{4E468577-842D-409D-ABE6-DB91BFEBBF24}"><Properties action="C" fromPath="\\PSC-SRV25-FILE1\GPO-Daten\ELDIS Applikationen\eurofunk Applikationen ELP\EIBA+GEO+ERM+Kompass.lnk" targetPath="D:\Users\Public\Desktop\Echtsystem\EIBA+GEO+ERM+Kompass.lnk" readOnly="0" archive="1" hidden="0"/></File>
	<File clsid="{50BE44C8-567A-4ed1-B1D0-9234FE1F38AF}" name="ERM Konfigurator.lnk" status="ERM Konfigurator.lnk" image="0" changed="2024-12-03 09:51:57" uid="{A87B33B0-F20F-4A5A-84E5-D2A335B58DE0}"><Properties action="C" fromPath="\\PSC-SRV25-FILE1\GPO-Daten\ELDIS Applikationen\eurofunk Applikationen ELP\ERM Konfigurator.lnk" targetPath="D:\Users\Public\Desktop\Echtsystem\ERM Konfigurator.lnk" readOnly="0" archive="1" hidden="0"/></File>
	<File clsid="{50BE44C8-567A-4ed1-B1D0-9234FE1F38AF}" name="ERM.lnk" status="ERM.lnk" image="0" changed="2024-12-03 09:52:02" uid="{A16173BD-C065-489F-9153-A1643DF04600}"><Properties action="C" fromPath="\\PSC-SRV25-FILE1\GPO-Daten\ELDIS Applikationen\eurofunk Applikationen ELP\ERM.lnk" targetPath="D:\Users\Public\Desktop\Echtsystem\ERM.lnk" readOnly="0" archive="1" hidden="0"/></File>
	<File clsid="{50BE44C8-567A-4ed1-B1D0-9234FE1F38AF}" name="GEO.lnk" status="GEO.lnk" image="0" changed="2024-12-03 09:52:08" uid="{099D2E72-E4A5-4642-9655-AD4469E1104D}"><Properties action="C" fromPath="\\PSC-SRV25-FILE1\GPO-Daten\ELDIS Applikationen\eurofunk Applikationen ELP\GEO.lnk" targetPath="D:\Users\Public\Desktop\Echtsystem\GEO.lnk" readOnly="0" archive="1" hidden="0"/></File>
	<File clsid="{50BE44C8-567A-4ed1-B1D0-9234FE1F38AF}" name="Kompass.lnk" status="Kompass.lnk" image="0" changed="2024-12-03 09:52:13" uid="{D7D7383F-34D2-4275-B115-D211F345EEC0}"><Properties action="C" fromPath="\\PSC-SRV25-FILE1\GPO-Daten\ELDIS Applikationen\eurofunk Applikationen ELP\Kompass.lnk" targetPath="D:\Users\Public\Desktop\Echtsystem\Kompass.lnk" readOnly="0" archive="1" hidden="0"/></File>
	<File clsid="{50BE44C8-567A-4ed1-B1D0-9234FE1F38AF}" name="Wahlhilfe.lnk" status="Wahlhilfe.lnk" image="0" changed="2024-12-03 09:52:18" uid="{9300772D-F31C-43C5-ADE6-F290C48797EB}"><Properties action="C" fromPath="\\PSC-SRV25-FILE1\GPO-Daten\ELDIS Applikationen\eurofunk Applikationen ELP\Wahlhilfe.lnk" targetPath="D:\Users\Public\Desktop\Echtsystem\Wahlhilfe.lnk" readOnly="0" archive="1" hidden="0"/></File>
	<File clsid="{50BE44C8-567A-4ed1-B1D0-9234FE1F38AF}" name="EIBA+GEO+ERM+Kompass.lnk" status="EIBA+GEO+ERM+Kompass.lnk" image="0" changed="2024-12-03 09:52:23" uid="{236D17B1-4750-455B-A691-C8EA613CBD02}"><Properties action="C" fromPath="\\PSC-SRV25-FILE1\GPO-Daten\ELDIS Applikationen\eurofunk Applikationen ELP\Notsystem\EIBA+GEO+ERM+Kompass.lnk" targetPath="D:\Users\Public\Desktop\Notsystem\EIBA+GEO+ERM+Kompass.lnk" readOnly="0" archive="1" hidden="0"/></File>
	<File clsid="{50BE44C8-567A-4ed1-B1D0-9234FE1F38AF}" name="Einsatzbearbeitung.lnk" status="Einsatzbearbeitung.lnk" image="0" changed="2024-12-03 09:52:28" uid="{6D7F409C-D462-41B9-91CE-DF00ABF958E5}"><Properties action="C" fromPath="\\PSC-SRV25-FILE1\GPO-Daten\ELDIS Applikationen\eurofunk Applikationen ELP\Notsystem\Einsatzbearbeitung.lnk" targetPath="D:\Users\Public\Desktop\Notsystem\Einsatzbearbeitung.lnk" readOnly="0" archive="1" hidden="0"/></File>
	<File clsid="{50BE44C8-567A-4ed1-B1D0-9234FE1F38AF}" name="ERM.lnk" status="ERM.lnk" image="0" changed="2024-12-03 09:52:32" uid="{1CD5AAD5-C877-4349-8E11-4608BCA92984}"><Properties action="C" fromPath="\\PSC-SRV25-FILE1\GPO-Daten\ELDIS Applikationen\eurofunk Applikationen ELP\Notsystem\ERM.lnk" targetPath="D:\Users\Public\Desktop\Notsystem\ERM.lnk" readOnly="0" archive="1" hidden="0"/></File>
	<File clsid="{50BE44C8-567A-4ed1-B1D0-9234FE1F38AF}" name="GEO.lnk" status="GEO.lnk" image="0" changed="2024-12-03 09:52:37" uid="{628150E6-DE0B-48A0-9146-8D4DA44D89E0}"><Properties action="C" fromPath="\\PSC-SRV25-FILE1\GPO-Daten\ELDIS Applikationen\eurofunk Applikationen ELP\Notsystem\GEO.lnk" targetPath="D:\Users\Public\Desktop\Notsystem\GEO.lnk" readOnly="0" archive="1" hidden="0"/></File>
	<File clsid="{50BE44C8-567A-4ed1-B1D0-9234FE1F38AF}" name="Kompass.lnk" status="Kompass.lnk" image="0" changed="2024-12-03 09:52:44" uid="{63660444-7046-404A-899B-ACDF9E3D3231}"><Properties action="C" fromPath="\\PSC-SRV25-FILE1\GPO-Daten\ELDIS Applikationen\eurofunk Applikationen ELP\Notsystem\Kompass.lnk" targetPath="D:\Users\Public\Desktop\Notsystem\Kompass.lnk" readOnly="0" archive="1" hidden="0"/></File>
	<File clsid="{50BE44C8-567A-4ed1-B1D0-9234FE1F38AF}" name="Wahlhilfe.lnk" status="Wahlhilfe.lnk" image="0" changed="2024-12-03 09:52:49" uid="{592091A1-51AC-4CC6-838A-5DBEFE81E194}"><Properties action="C" fromPath="\\PSC-SRV25-FILE1\GPO-Daten\ELDIS Applikationen\eurofunk Applikationen ELP\NotsystemWahlhilfe.lnk" targetPath="D:\Users\Public\Desktop\Notsystem\Wahlhilfe.lnk" readOnly="0" archive="1" hidden="0"/></File>
	<File clsid="{50BE44C8-567A-4ed1-B1D0-9234FE1F38AF}" name="EIBA+GEO+ERM.lnk" status="EIBA+GEO+ERM.lnk" image="0" changed="2024-12-03 09:52:54" uid="{81E456CF-3F5F-4512-BA34-FC23A8F5938F}"><Properties action="C" fromPath="\\PSC-SRV25-FILE1\GPO-Daten\ELDIS Applikationen\eurofunk Applikationen ELP\Schulungssystem\EIBA+GEO+ERM.lnk" targetPath="D:\Users\Public\Desktop\Schulungssystem\EIBA+GEO+ERM.lnk" readOnly="0" archive="1" hidden="0"/></File>
	<File clsid="{50BE44C8-567A-4ed1-B1D0-9234FE1F38AF}" name="Einsatzbearbeitung.lnk" status="Einsatzbearbeitung.lnk" image="0" changed="2024-12-03 09:53:00" uid="{29365930-A4D6-46AE-A4ED-978860DF3B83}"><Properties action="C" fromPath="\\PSC-SRV25-FILE1\GPO-Daten\ELDIS Applikationen\eurofunk Applikationen ELP\Schulungssystem\Einsatzbearbeitung.lnk" targetPath="D:\Users\Public\Desktop\Schulungssystem\Einsatzbearbeitung.lnk" readOnly="0" archive="1" hidden="0"/></File>
	<File clsid="{50BE44C8-567A-4ed1-B1D0-9234FE1F38AF}" name="ERM.lnk" status="ERM.lnk" image="0" changed="2024-12-03 09:53:05" uid="{A834EFD8-4C30-4032-AACA-08E1D261B7EF}"><Properties action="C" fromPath="\\PSC-SRV25-FILE1\GPO-Daten\ELDIS Applikationen\eurofunk Applikationen ELP\Schulungssystem\ERM.lnk" targetPath="D:\Users\Public\Desktop\Schulungssystem\ERM.lnk" readOnly="0" archive="1" hidden="0"/></File>
	<File clsid="{50BE44C8-567A-4ed1-B1D0-9234FE1F38AF}" name="GEO.lnk" status="GEO.lnk" image="0" changed="2024-12-03 09:53:10" uid="{C1A58855-B6AB-4800-A5A7-91B38EFD1A9D}"><Properties action="C" fromPath="\\PSC-SRV25-FILE1\GPO-Daten\ELDIS Applikationen\eurofunk Applikationen ELP\Schulungssystem\GEO.lnk" targetPath="D:\Users\Public\Desktop\Schulungssystem\GEO.lnk" readOnly="0" archive="1" hidden="0"/></File>
	<File clsid="{50BE44C8-567A-4ed1-B1D0-9234FE1F38AF}" name="Stammdaten.lnk" status="Stammdaten.lnk" image="0" changed="2024-12-03 09:53:15" uid="{C95040E5-083A-428F-A3B8-9F5216100CEF}"><Properties action="C" fromPath="\\PSC-SRV25-FILE1\GPO-Daten\ELDIS Applikationen\eurofunk Applikationen ELP\Stammdaten.lnk" targetPath="D:\Users\Public\Desktop\Echtsystem\Stammdaten.lnk" readOnly="0" archive="1" hidden="0"/></File>
	<File clsid="{50BE44C8-567A-4ed1-B1D0-9234FE1F38AF}" name="Stammdaten.lnk" status="Stammdaten.lnk" image="0" changed="2024-12-03 09:53:20" uid="{6A801E3E-5897-4198-8BF4-A14E81BC4574}"><Properties action="C" fromPath="\\PSC-SRV25-FILE1\GPO-Daten\ELDIS Applikationen\eurofunk Applikationen ELP\Notsystem\Stammdaten.lnk" targetPath="D:\Users\Public\Desktop\Notsystem\Stammdaten.lnk" readOnly="0" archive="1" hidden="0"/></File>
	<File clsid="{50BE44C8-567A-4ed1-B1D0-9234FE1F38AF}" name="Stammdaten.lnk" status="Stammdaten.lnk" image="0" changed="2024-12-03 09:53:24" uid="{5A7F0F40-DA1F-480E-BA8C-50E206D8F213}"><Properties action="C" fromPath="\\PSC-SRV25-FILE1\GPO-Daten\ELDIS Applikationen\eurofunk Applikationen ELP\Schulungssystem\Stammdaten.lnk" targetPath="D:\Users\Public\Desktop\Schulungssystem\Stammdaten.lnk" readOnly="0" archive="1" hidden="0"/></File>
	<File clsid="{50BE44C8-567A-4ed1-B1D0-9234FE1F38AF}" name="EIBA+GEO+Kompass.lnk" status="EIBA+GEO+Kompass.lnk" image="0" changed="2024-12-03 09:53:29" uid="{54F9C2D0-BC42-4780-A8BD-8BF7EB52A102}"><Properties action="C" fromPath="\\PSC-SRV25-FILE1\GPO-Daten\ELDIS Applikationen\eurofunk Applikationen ELP\EIBA+GEO+Kompass.lnk" targetPath="D:\Users\Public\Desktop\Echtsystem\EIBA+GEO+Kompass.lnk" readOnly="0" archive="1" hidden="0"/></File>
	<File clsid="{50BE44C8-567A-4ed1-B1D0-9234FE1F38AF}" name="EIBA+GEO+Kompass.lnk" status="EIBA+GEO+Kompass.lnk" image="0" changed="2024-12-03 09:53:33" uid="{3BEEDC77-6FF4-4E81-9D88-4701E98A96C8}"><Properties action="C" fromPath="\\PSC-SRV25-FILE1\GPO-Daten\ELDIS Applikationen\eurofunk Applikationen ELP\Notsystem\EIBA+GEO+Kompass.lnk" targetPath="D:\Users\Public\Desktop\Notsystem\EIBA+GEO+Kompass.lnk" readOnly="0" archive="1" hidden="0"/></File>
	<File clsid="{50BE44C8-567A-4ed1-B1D0-9234FE1F38AF}" name="Berechtigungsverwaltung.lnk" status="Berechtigungsverwaltung.lnk" image="0" changed="2024-12-03 09:53:39" uid="{1546570F-B6A5-4AE8-A69B-55FB03C49AA4}"><Properties action="C" fromPath="\\PSC-SRV25-FILE1\GPO-Daten\ELDIS Applikationen\eurofunk Applikationen ELP\Berechtigungsverwaltung.lnk" targetPath="D:\Users\Public\Desktop\Echtsystem\Berechtigungsverwaltung.lnk" readOnly="0" archive="1" hidden="0"/></File>
	<File clsid="{50BE44C8-567A-4ed1-B1D0-9234FE1F38AF}" name="Berechtigungsverwaltung.lnk" status="Berechtigungsverwaltung.lnk" image="0" changed="2024-12-03 09:53:43" uid="{C694831A-5423-43F9-9F4A-934EED03D5F7}"><Properties action="C" fromPath="\\PSC-SRV25-FILE1\GPO-Daten\ELDIS Applikationen\eurofunk Applikationen ELP\Notsystem\Berechtigungsverwaltung.lnk" targetPath="D:\Users\Public\Desktop\Notsystem\Berechtigungsverwaltung.lnk" readOnly="0" archive="1" hidden="0"/></File>
	<File clsid="{50BE44C8-567A-4ed1-B1D0-9234FE1F38AF}" name="Berechtigungsverwaltung.lnk" status="Berechtigungsverwaltung.lnk" image="0" changed="2024-12-03 09:53:49" uid="{4234557B-4548-4ACA-9F85-F7F8E41B169F}"><Properties action="C" fromPath="\\PSC-SRV25-FILE1\GPO-Daten\ELDIS Applikationen\eurofunk Applikationen ELP\Schulungssystem\Berechtigungsverwaltung.lnk" targetPath="D:\Users\Public\Desktop\Schulungssystem\Berechtigungsverwaltung.lnk" readOnly="0" archive="1" hidden="0"/></File>
	<File clsid="{50BE44C8-567A-4ed1-B1D0-9234FE1F38AF}" name="EIBA+GEO+ERM+Kompass+Stammdaten.lnk" status="EIBA+GEO+ERM+Kompass+Stammdaten.lnk" image="0" changed="2024-12-03 09:53:54" uid="{63E75687-00DE-44AF-A850-5F0488C3FF44}"><Properties action="C" fromPath="\\PSC-SRV25-FILE1\GPO-Daten\ELDIS Applikationen\eurofunk Applikationen ELP\EIBA+GEO+ERM+Kompass+Stammdaten.lnk" targetPath="D:\Users\Public\Desktop\Echtsystem\EIBA+GEO+ERM+Kompass+Stammdaten.lnk" readOnly="0" archive="1" hidden="0"/></File>
</Files>
