<?xml version="1.0" encoding="utf-8"?>
<Shortcuts clsid="{872ECB34-B2EC-401b-A585-D32574AA90EE}"><Shortcut clsid="{4F2F7C55-2790-433e-8127-0739D1CFA327}" userContext="1" name="Explorer" status="Explorer" image="2" changed="2022-08-10 13:25:29" uid="{F01CF1F5-7D7F-4B6A-9909-C0CC5BEAC148}"><Properties pidl="" targetType="FILESYSTEM" action="U" comment="" shortcutKey="0" startIn="C:\Windows\" arguments="" iconIndex="0" targetPath="C:\Windows\explorer.exe" iconPath="" window="" shortcutPath="%DesktopDir%\Explorer"/></Shortcut>
	<Shortcut clsid="{4F2F7C55-2790-433e-8127-0739D1CFA327}" userContext="1" name="Home" status="Home" image="2" changed="2022-10-06 10:34:07" uid="{861E34DB-EEF0-448F-BB03-DE05CB0D752A}"><Properties pidl="" targetType="FILESYSTEM" action="U" comment="" shortcutKey="0" startIn="H:\" arguments="" iconIndex="0" targetPath="H:\" iconPath="" window="" shortcutPath="%DesktopDir%\Home"/></Shortcut>
	<Shortcut clsid="{4F2F7C55-2790-433e-8127-0739D1CFA327}" userContext="1" name="Microsoft Edge" status="Microsoft Edge" image="2" changed="2022-08-16 07:21:56" uid="{ABD5236D-7573-4E87-914A-A86D710F7C28}"><Properties pidl="" targetType="FILESYSTEM" action="U" comment="" shortcutKey="0" startIn="&quot;C:\Program Files (x86)\Microsoft\Edge\Application\&quot;" arguments="" iconIndex="0" targetPath="&quot;C:\Program Files (x86)\Microsoft\Edge\Application\msedge.exe&quot;" iconPath="" window="" shortcutPath="%DesktopDir%\Microsoft Edge"/></Shortcut>
	<Shortcut clsid="{4F2F7C55-2790-433e-8127-0739D1CFA327}" userContext="1" name="Snipping Tool" status="Snipping Tool" image="2" changed="2022-10-04 16:51:01" uid="{8D3CFBE4-9EC6-42CB-BA81-E42D4F0BC8A9}"><Properties pidl="" targetType="FILESYSTEM" action="U" comment="" shortcutKey="0" startIn="C:\Windows\System32\" arguments="" iconIndex="0" targetPath="C:\Windows\System32\SnippingTool.exe" iconPath="" window="" shortcutPath="%DesktopDir%\Snipping Tool"/></Shortcut>
</Shortcuts>
