<BackupInst xmlns="http://www.microsoft.com/GroupPolicy/GPOOperations/Manifest"><GPOGuid><![CDATA[{1F352E6B-A3EB-4CA4-95E2-2531A22655CD}]]></GPOGuid><GPODomain><![CDATA[standard-gpo.domain]]></GPODomain><GPODomainGuid><![CDATA[{15b8ef7f-fd5a-4b30-b1ed-5b31e51e4e12}]]></GPODomainGuid><GPODomainController><![CDATA[PSC-SRV25-ADC1.standard-gpo.domain]]></GPODomainController><BackupTime><![CDATA[2025-10-06T13:04:14]]></BackupTime><ID><![CDATA[{DBCC9879-1B94-4692-83B4-3A1D6C381988}]]></ID><Comment><![CDATA[]]></Comment><GPODisplayName><![CDATA[TESTING-EF_Computer_Client-Server_Securityoptions-WinDefFirewall-RuleSet_ELDIS]]></GPODisplayName></BackupInst>
