<?xml version="1.0" encoding="utf-8"?>
<Files clsid="{215B2E53-57CE-475c-80FE-9EEC14635851}"><File clsid="{50BE44C8-567A-4ed1-B1D0-9234FE1F38AF}" name="user-192.png" status="user-192.png" image="1" changed="2024-12-03 10:00:54" uid="{2CF7777F-0D03-466D-A7E6-9FEDE31B8008}"><Properties action="R" fromPath="\\PSC-SRV25-FILE1\GPO-Daten\User Account Pictures\user-192.png" targetPath="C:\ProgramData\Microsoft\User Account Pictures\user-192.png" readOnly="0" archive="1" hidden="0" suppress="0"/></File>
	<File clsid="{50BE44C8-567A-4ed1-B1D0-9234FE1F38AF}" name="user-48.png" status="user-48.png" image="1" changed="2024-12-03 10:01:08" uid="{355C06C2-14D6-457B-B678-190155E45C9E}"><Properties action="R" fromPath="\\PSC-SRV25-FILE1\GPO-Daten\User Account Pictures\user-48.png" targetPath="C:\ProgramData\Microsoft\User Account Pictures\user-48.png" readOnly="0" archive="1" hidden="0" suppress="0"/></File>
	<File clsid="{50BE44C8-567A-4ed1-B1D0-9234FE1F38AF}" name="user-40.png" status="user-40.png" image="1" changed="2024-12-03 10:01:03" uid="{C6B46ABF-3A9C-48B1-882C-009806FEA6A6}"><Properties action="R" fromPath="\\PSC-SRV25-FILE1\GPO-Daten\User Account Pictures\user-40.png" targetPath="C:\ProgramData\Microsoft\User Account Pictures\user-40.png" readOnly="0" archive="1" hidden="0" suppress="0"/></File>
	<File clsid="{50BE44C8-567A-4ed1-B1D0-9234FE1F38AF}" name="user-32.png" status="user-32.png" image="1" changed="2024-12-03 10:00:59" uid="{4E6476C5-272A-4B65-8A15-52F8B989FBF0}"><Properties action="R" fromPath="\\PSC-SRV25-FILE1\GPO-Daten\User Account Pictures\user-32.png" targetPath="C:\ProgramData\Microsoft\User Account Pictures\user-32.png" readOnly="0" archive="1" hidden="0" suppress="0"/></File>
	<File clsid="{50BE44C8-567A-4ed1-B1D0-9234FE1F38AF}" name="user.png" status="user.png" image="1" changed="2024-12-03 10:00:50" uid="{6D1DA1AE-2C19-45C8-B3E9-0F40FCC49858}"><Properties action="R" fromPath="\\PSC-SRV25-FILE1\GPO-Daten\User Account Pictures\user.png" targetPath="C:\ProgramData\Microsoft\User Account Pictures\user.png" readOnly="0" archive="1" hidden="0" suppress="0"/></File>
	<File clsid="{50BE44C8-567A-4ed1-B1D0-9234FE1F38AF}" name="user.bmp" status="user.bmp" image="1" changed="2024-12-03 10:00:45" uid="{87FFE892-363F-4F72-AAAA-79EADDD7F9B5}"><Properties action="R" fromPath="\\PSC-SRV25-FILE1\GPO-Daten\User Account Pictures\user.bmp" targetPath="C:\ProgramData\Microsoft\User Account Pictures\user.bmp" readOnly="0" archive="1" hidden="0" suppress="0"/></File>
	<File clsid="{50BE44C8-567A-4ed1-B1D0-9234FE1F38AF}" name="guest.png" status="guest.png" image="1" changed="2024-12-03 10:00:39" uid="{72B653B9-CD1A-4E5F-8A52-7F5A70C4850A}"><Properties action="R" fromPath="\\PSC-SRV25-FILE1\GPO-Daten\User Account Pictures\guest.png" targetPath="C:\ProgramData\Microsoft\User Account Pictures\guest.png" readOnly="0" archive="1" hidden="0" suppress="0"/></File>
	<File clsid="{50BE44C8-567A-4ed1-B1D0-9234FE1F38AF}" name="guest.bmp" status="guest.bmp" image="1" changed="2024-12-03 10:00:33" uid="{614F613D-A587-480F-871B-B8C3035EC7F2}"><Properties action="R" fromPath="\\PSC-SRV25-FILE1\GPO-Daten\User Account Pictures\guest.bmp" targetPath="C:\ProgramData\Microsoft\User Account Pictures\guest.bmp" readOnly="0" archive="1" hidden="0" suppress="0"/></File>
</Files>
