<BackupInst xmlns="http://www.microsoft.com/GroupPolicy/GPOOperations/Manifest"><GPOGuid><![CDATA[{08597901-C05B-4DB9-9186-717DFA953B3E}]]></GPOGuid><GPODomain><![CDATA[standard-gpo.domain]]></GPODomain><GPODomainGuid><![CDATA[{15b8ef7f-fd5a-4b30-b1ed-5b31e51e4e12}]]></GPODomainGuid><GPODomainController><![CDATA[PSC-SRV25-ADC1.standard-gpo.domain]]></GPODomainController><BackupTime><![CDATA[2025-10-06T13:03:39]]></BackupTime><ID><![CDATA[{27A432DB-185C-45F1-B4CE-A79677A3E1BA}]]></ID><Comment><![CDATA[]]></Comment><GPODisplayName><![CDATA[EF_SecurityBaseline_Computer_ADCS_Securityoption-LocalPolicies-SecurityOptions]]></GPODisplayName></BackupInst>
