<BackupInst xmlns="http://www.microsoft.com/GroupPolicy/GPOOperations/Manifest"><GPOGuid><![CDATA[{EC5E6E5A-074C-4846-A085-6E25B046E9DF}]]></GPOGuid><GPODomain><![CDATA[standard-gpo.domain]]></GPODomain><GPODomainGuid><![CDATA[{15b8ef7f-fd5a-4b30-b1ed-5b31e51e4e12}]]></GPODomainGuid><GPODomainController><![CDATA[PSC-SRV25-ADC1.standard-gpo.domain]]></GPODomainController><BackupTime><![CDATA[2025-10-06T13:04:07]]></BackupTime><ID><![CDATA[{22D7D5D7-D281-485F-B032-9C101C36C273}]]></ID><Comment><![CDATA[]]></Comment><GPODisplayName><![CDATA[OPT-EF_User_Dispo_Shortcuts]]></GPODisplayName></BackupInst>
