<?xml version="1.0" encoding="utf-8"?><!-- Copyright (c) Microsoft Corporation.  All rights reserved. --><GroupPolicyBackupScheme bkp:version="2.0" bkp:type="GroupPolicyBackupTemplate" xmlns:bkp="http://www.microsoft.com/GroupPolicy/GPOOperations" xmlns="http://www.microsoft.com/GroupPolicy/GPOOperations">
    <GroupPolicyObject><SecurityGroups><Group bkp:Source="FromDACL"><Sid><![CDATA[S-1-5-21-124392980-2450879246-3613746218-519]]></Sid><SamAccountName><![CDATA[Enterprise Admins]]></SamAccountName><Type><![CDATA[UniversalGroup]]></Type><NetBIOSDomainName><![CDATA[STANDARD-GPO]]></NetBIOSDomainName><DnsDomainName><![CDATA[standard-gpo.domain]]></DnsDomainName><UPN><![CDATA[Enterprise Admins@standard-gpo.domain]]></UPN></Group><Group bkp:Source="FromDACL"><Sid><![CDATA[S-1-5-21-124392980-2450879246-3613746218-512]]></Sid><SamAccountName><![CDATA[Domain Admins]]></SamAccountName><Type><![CDATA[GlobalGroup]]></Type><NetBIOSDomainName><![CDATA[STANDARD-GPO]]></NetBIOSDomainName><DnsDomainName><![CDATA[standard-gpo.domain]]></DnsDomainName><UPN><![CDATA[Domain Admins@standard-gpo.domain]]></UPN></Group></SecurityGroups><FilePaths/><GroupPolicyCoreSettings><ID><![CDATA[{0AD9FA40-A4B5-4F32-876B-A121F14C31AF}]]></ID><Domain><![CDATA[standard-gpo.domain]]></Domain><SecurityDescriptor>01 00 04 9c 00 00 00 00 00 00 00 00 00 00 00 00 14 00 00 00 04 00 ec 00 08 00 00 00 05 02 28 00 00 01 00 00 01 00 00 00 8f fd ac ed b3 ff d1 11 b4 1d 00 a0 c9 68 f9 39 01 01 00 00 00 00 00 05 0b 00 00 00 00 00 24 00 ff 00 0f 00 01 05 00 00 00 00 00 05 15 00 00 00 14 16 6a 07 0e 73 15 92 2a 64 65 d7 00 02 00 00 00 02 24 00 ff 00 0f 00 01 05 00 00 00 00 00 05 15 00 00 00 14 16 6a 07 0e 73 15 92 2a 64 65 d7 00 02 00 00 00 02 24 00 ff 00 0f 00 01 05 00 00 00 00 00 05 15 00 00 00 14 16 6a 07 0e 73 15 92 2a 64 65 d7 07 02 00 00 00 02 14 00 94 00 02 00 01 01 00 00 00 00 00 05 09 00 00 00 00 02 14 00 94 00 02 00 01 01 00 00 00 00 00 05 0b 00 00 00 00 02 14 00 ff 00 0f 00 01 01 00 00 00 00 00 05 12 00 00 00 00 0a 14 00 ff 00 0f 00 01 01 00 00 00 00 00 03 00 00 00 00</SecurityDescriptor><DisplayName><![CDATA[OPT-EF_SecurityBaseline_Computer_Client-Server_Disable-PrintdriverRestriction]]></DisplayName><Options><![CDATA[0]]></Options><UserVersionNumber><![CDATA[65537]]></UserVersionNumber><MachineVersionNumber><![CDATA[65537]]></MachineVersionNumber><MachineExtensionGuids><![CDATA[[{00000000-0000-0000-0000-000000000000}{BEE07A6A-EC9F-4659-B8C9-0B1937907C83}][{35378EAC-683F-11D2-A89A-00C04FBBCFA2}{D02B1F72-3407-48AE-BA88-E8213C6761F1}][{8A28E2C5-8D06-49A4-A08C-632DAA493E17}{180F39F3-CF17-4C68-8410-94B71452A22D}][{B087BE9D-ED37-454F-AF9C-04291E351182}{BEE07A6A-EC9F-4659-B8C9-0B1937907C83}]]]></MachineExtensionGuids><UserExtensionGuids/><WMIFilter/></GroupPolicyCoreSettings> 
        <GroupPolicyExtension bkp:ID="{35378EAC-683F-11D2-A89A-00C04FBBCFA2}" bkp:DescName="Registry">
            <FSObjectFile bkp:Path="%GPO_MACH_FSPATH%\registry.pol" bkp:SourceExpandedPath="\\PSC-SRV25-ADC1.standard-gpo.domain\sysvol\standard-gpo.domain\Policies\{0AD9FA40-A4B5-4F32-876B-A121F14C31AF}\Machine\registry.pol" bkp:Location="DomainSysvol\GPO\Machine\registry.pol"/>
            
            <FSObjectFile bkp:Path="%GPO_FSPATH%\Adm\*.*" bkp:SourceExpandedPath="\\PSC-SRV25-ADC1.standard-gpo.domain\sysvol\standard-gpo.domain\Policies\{0AD9FA40-A4B5-4F32-876B-A121F14C31AF}\Adm\*.*"/>
        </GroupPolicyExtension>
        
        
        
        
        
        
        
        
        
    <GroupPolicyExtension bkp:ID="{F15C46CD-82A0-4C2D-A210-5D0D3182A418}" bkp:DescName="Unknown Extension"><DSObject bkp:Path="CN=PushedPrinterConnections,%GPO_MACH_DSPATH%" bkp:SourceExpandedPath="CN=PushedPrinterConnections,CN=Machine,CN={0AD9FA40-A4B5-4F32-876B-A121F14C31AF},CN=Policies,CN=System,DC=standard-gpo,DC=domain" bkp:ObjectClass="container"><DSAttributeMultiString bkp:DSAttrName="showInAdvancedViewOnly"><DSValue><![CDATA[TRUE]]></DSValue></DSAttributeMultiString></DSObject><FSObjectFile bkp:Path="%GPO_FSPATH%\GPO.cmt" bkp:SourceExpandedPath="\\PSC-SRV25-ADC1.standard-gpo.domain\sysvol\standard-gpo.domain\Policies\{0AD9FA40-A4B5-4F32-876B-A121F14C31AF}\GPO.cmt" bkp:Location="DomainSysvol\GPO\GPO.cmt"/><FSObjectDir bkp:Path="%GPO_MACH_FSPATH%\Applications" bkp:SourceExpandedPath="\\PSC-SRV25-ADC1.standard-gpo.domain\sysvol\standard-gpo.domain\Policies\{0AD9FA40-A4B5-4F32-876B-A121F14C31AF}\Machine\Applications" bkp:Location="DomainSysvol\GPO\Machine\Applications"/><FSObjectFile bkp:Path="%GPO_MACH_FSPATH%\comment.cmtx" bkp:SourceExpandedPath="\\PSC-SRV25-ADC1.standard-gpo.domain\sysvol\standard-gpo.domain\Policies\{0AD9FA40-A4B5-4F32-876B-A121F14C31AF}\Machine\comment.cmtx" bkp:Location="DomainSysvol\GPO\Machine\comment.cmtx"/><FSObjectDir bkp:Path="%GPO_MACH_FSPATH%\Microsoft" bkp:SourceExpandedPath="\\PSC-SRV25-ADC1.standard-gpo.domain\sysvol\standard-gpo.domain\Policies\{0AD9FA40-A4B5-4F32-876B-A121F14C31AF}\Machine\Microsoft" bkp:Location="DomainSysvol\GPO\Machine\Microsoft"/><FSObjectDir bkp:Path="%GPO_MACH_FSPATH%\Microsoft\Windows NT" bkp:SourceExpandedPath="\\PSC-SRV25-ADC1.standard-gpo.domain\sysvol\standard-gpo.domain\Policies\{0AD9FA40-A4B5-4F32-876B-A121F14C31AF}\Machine\Microsoft\Windows NT" bkp:Location="DomainSysvol\GPO\Machine\Microsoft\Windows NT"/><FSObjectDir bkp:Path="%GPO_MACH_FSPATH%\Microsoft\Windows NT\SecEdit" bkp:SourceExpandedPath="\\PSC-SRV25-ADC1.standard-gpo.domain\sysvol\standard-gpo.domain\Policies\{0AD9FA40-A4B5-4F32-876B-A121F14C31AF}\Machine\Microsoft\Windows NT\SecEdit" bkp:Location="DomainSysvol\GPO\Machine\Microsoft\Windows NT\SecEdit"/><FSObjectFile bkp:Path="%GPO_MACH_FSPATH%\Microsoft\Windows NT\SecEdit\GptTmpl.inf" bkp:SourceExpandedPath="\\PSC-SRV25-ADC1.standard-gpo.domain\sysvol\standard-gpo.domain\Policies\{0AD9FA40-A4B5-4F32-876B-A121F14C31AF}\Machine\Microsoft\Windows NT\SecEdit\GptTmpl.inf" bkp:Location="DomainSysvol\GPO\Machine\Microsoft\Windows NT\SecEdit\GptTmpl.inf"/><FSObjectDir bkp:Path="%GPO_MACH_FSPATH%\Preferences" bkp:SourceExpandedPath="\\PSC-SRV25-ADC1.standard-gpo.domain\sysvol\standard-gpo.domain\Policies\{0AD9FA40-A4B5-4F32-876B-A121F14C31AF}\Machine\Preferences" bkp:Location="DomainSysvol\GPO\Machine\Preferences"/><FSObjectDir bkp:Path="%GPO_MACH_FSPATH%\Preferences\Registry" bkp:SourceExpandedPath="\\PSC-SRV25-ADC1.standard-gpo.domain\sysvol\standard-gpo.domain\Policies\{0AD9FA40-A4B5-4F32-876B-A121F14C31AF}\Machine\Preferences\Registry" bkp:Location="DomainSysvol\GPO\Machine\Preferences\Registry"/><FSObjectFile bkp:Path="%GPO_MACH_FSPATH%\Preferences\Registry\Registry.xml" bkp:SourceExpandedPath="\\PSC-SRV25-ADC1.standard-gpo.domain\sysvol\standard-gpo.domain\Policies\{0AD9FA40-A4B5-4F32-876B-A121F14C31AF}\Machine\Preferences\Registry\Registry.xml" bkp:Location="DomainSysvol\GPO\Machine\Preferences\Registry\Registry.xml"/><FSObjectDir bkp:Path="%GPO_MACH_FSPATH%\Scripts" bkp:SourceExpandedPath="\\PSC-SRV25-ADC1.standard-gpo.domain\sysvol\standard-gpo.domain\Policies\{0AD9FA40-A4B5-4F32-876B-A121F14C31AF}\Machine\Scripts" bkp:Location="DomainSysvol\GPO\Machine\Scripts"/><FSObjectDir bkp:Path="%GPO_MACH_FSPATH%\Scripts\Shutdown" bkp:SourceExpandedPath="\\PSC-SRV25-ADC1.standard-gpo.domain\sysvol\standard-gpo.domain\Policies\{0AD9FA40-A4B5-4F32-876B-A121F14C31AF}\Machine\Scripts\Shutdown" bkp:Location="DomainSysvol\GPO\Machine\Scripts\Shutdown"/><FSObjectDir bkp:Path="%GPO_MACH_FSPATH%\Scripts\Startup" bkp:SourceExpandedPath="\\PSC-SRV25-ADC1.standard-gpo.domain\sysvol\standard-gpo.domain\Policies\{0AD9FA40-A4B5-4F32-876B-A121F14C31AF}\Machine\Scripts\Startup" bkp:Location="DomainSysvol\GPO\Machine\Scripts\Startup"/><FSObjectDir bkp:Path="%GPO_USER_FSPATH%\Documents &amp; Settings" bkp:SourceExpandedPath="\\PSC-SRV25-ADC1.standard-gpo.domain\sysvol\standard-gpo.domain\Policies\{0AD9FA40-A4B5-4F32-876B-A121F14C31AF}\User\Documents &amp; Settings" bkp:Location="DomainSysvol\GPO\User\Documents &amp; Settings"/><FSObjectDir bkp:Path="%GPO_USER_FSPATH%\Preferences" bkp:SourceExpandedPath="\\PSC-SRV25-ADC1.standard-gpo.domain\sysvol\standard-gpo.domain\Policies\{0AD9FA40-A4B5-4F32-876B-A121F14C31AF}\User\Preferences" bkp:Location="DomainSysvol\GPO\User\Preferences"/><FSObjectDir bkp:Path="%GPO_USER_FSPATH%\Preferences\Printers" bkp:SourceExpandedPath="\\PSC-SRV25-ADC1.standard-gpo.domain\sysvol\standard-gpo.domain\Policies\{0AD9FA40-A4B5-4F32-876B-A121F14C31AF}\User\Preferences\Printers" bkp:Location="DomainSysvol\GPO\User\Preferences\Printers"/><FSObjectDir bkp:Path="%GPO_USER_FSPATH%\Scripts" bkp:SourceExpandedPath="\\PSC-SRV25-ADC1.standard-gpo.domain\sysvol\standard-gpo.domain\Policies\{0AD9FA40-A4B5-4F32-876B-A121F14C31AF}\User\Scripts" bkp:Location="DomainSysvol\GPO\User\Scripts"/><FSObjectDir bkp:Path="%GPO_USER_FSPATH%\Scripts\Logoff" bkp:SourceExpandedPath="\\PSC-SRV25-ADC1.standard-gpo.domain\sysvol\standard-gpo.domain\Policies\{0AD9FA40-A4B5-4F32-876B-A121F14C31AF}\User\Scripts\Logoff" bkp:Location="DomainSysvol\GPO\User\Scripts\Logoff"/><FSObjectDir bkp:Path="%GPO_USER_FSPATH%\Scripts\Logon" bkp:SourceExpandedPath="\\PSC-SRV25-ADC1.standard-gpo.domain\sysvol\standard-gpo.domain\Policies\{0AD9FA40-A4B5-4F32-876B-A121F14C31AF}\User\Scripts\Logon" bkp:Location="DomainSysvol\GPO\User\Scripts\Logon"/></GroupPolicyExtension></GroupPolicyObject>
</GroupPolicyBackupScheme>