<BackupInst xmlns="http://www.microsoft.com/GroupPolicy/GPOOperations/Manifest"><GPOGuid><![CDATA[{0AD9FA40-A4B5-4F32-876B-A121F14C31AF}]]></GPOGuid><GPODomain><![CDATA[standard-gpo.domain]]></GPODomain><GPODomainGuid><![CDATA[{15b8ef7f-fd5a-4b30-b1ed-5b31e51e4e12}]]></GPODomainGuid><GPODomainController><![CDATA[PSC-SRV25-ADC1.standard-gpo.domain]]></GPODomainController><BackupTime><![CDATA[2025-10-06T13:04:06]]></BackupTime><ID><![CDATA[{C3889CE2-B9AB-4EE5-8754-724F7CD09AB0}]]></ID><Comment><![CDATA[]]></Comment><GPODisplayName><![CDATA[OPT-EF_SecurityBaseline_Computer_Client-Server_Disable-PrintdriverRestriction]]></GPODisplayName></BackupInst>
