<BackupInst xmlns="http://www.microsoft.com/GroupPolicy/GPOOperations/Manifest"><GPOGuid><![CDATA[{B9CE0926-723C-461C-8F29-0C93D7E5DD6E}]]></GPOGuid><GPODomain><![CDATA[standard-gpo.domain]]></GPODomain><GPODomainGuid><![CDATA[{15b8ef7f-fd5a-4b30-b1ed-5b31e51e4e12}]]></GPODomainGuid><GPODomainController><![CDATA[PSC-SRV25-ADC1.standard-gpo.domain]]></GPODomainController><BackupTime><![CDATA[2025-10-06T13:04:05]]></BackupTime><ID><![CDATA[{9C8B464F-1E00-4BF1-B00E-60790A7FEFD9}]]></ID><Comment><![CDATA[]]></Comment><GPODisplayName><![CDATA[OPT-EF_Computer_Client_NetSupportClientSettings]]></GPODisplayName></BackupInst>
