<BackupInst xmlns="http://www.microsoft.com/GroupPolicy/GPOOperations/Manifest"><GPOGuid><![CDATA[{5B819CD5-B7DB-4BD7-9C0F-6BC1914434F6}]]></GPOGuid><GPODomain><![CDATA[standard-gpo.domain]]></GPODomain><GPODomainGuid><![CDATA[{15b8ef7f-fd5a-4b30-b1ed-5b31e51e4e12}]]></GPODomainGuid><GPODomainController><![CDATA[PSC-SRV25-ADC1.standard-gpo.domain]]></GPODomainController><BackupTime><![CDATA[2025-10-06T13:04:01]]></BackupTime><ID><![CDATA[{081E2C45-35E1-417D-93A6-EE80F7A91891}]]></ID><Comment><![CDATA[]]></Comment><GPODisplayName><![CDATA[MS_SecurityBaseline_Computer_Global_WinComponents-Search]]></GPODisplayName></BackupInst>
