<?xml version="1.0" encoding="utf-8"?><!-- Copyright (c) Microsoft Corporation.  All rights reserved. --><GroupPolicyBackupScheme bkp:version="2.0" bkp:type="GroupPolicyBackupTemplate" xmlns:bkp="http://www.microsoft.com/GroupPolicy/GPOOperations" xmlns="http://www.microsoft.com/GroupPolicy/GPOOperations">
    <GroupPolicyObject><SecurityGroups><Group bkp:Source="FromDACL"><Sid><![CDATA[S-1-5-21-124392980-2450879246-3613746218-519]]></Sid><SamAccountName><![CDATA[Enterprise Admins]]></SamAccountName><Type><![CDATA[UniversalGroup]]></Type><NetBIOSDomainName><![CDATA[STANDARD-GPO]]></NetBIOSDomainName><DnsDomainName><![CDATA[standard-gpo.domain]]></DnsDomainName><UPN><![CDATA[Enterprise Admins@standard-gpo.domain]]></UPN></Group><Group bkp:Source="FromDACL"><Sid><![CDATA[S-1-5-21-124392980-2450879246-3613746218-512]]></Sid><SamAccountName><![CDATA[Domain Admins]]></SamAccountName><Type><![CDATA[GlobalGroup]]></Type><NetBIOSDomainName><![CDATA[STANDARD-GPO]]></NetBIOSDomainName><DnsDomainName><![CDATA[standard-gpo.domain]]></DnsDomainName><UPN><![CDATA[Domain Admins@standard-gpo.domain]]></UPN></Group></SecurityGroups><FilePaths><Path><![CDATA[\\psc-srv25-file1\GPO-Daten\CMK-Agent]]></Path></FilePaths><GroupPolicyCoreSettings><ID><![CDATA[{9DB4E903-0AC0-4AAA-A07A-359DD41330A5}]]></ID><Domain><![CDATA[standard-gpo.domain]]></Domain><SecurityDescriptor>01 00 04 9c 00 00 00 00 00 00 00 00 00 00 00 00 14 00 00 00 04 00 ec 00 08 00 00 00 05 02 28 00 00 01 00 00 01 00 00 00 8f fd ac ed b3 ff d1 11 b4 1d 00 a0 c9 68 f9 39 01 01 00 00 00 00 00 05 0b 00 00 00 00 00 24 00 ff 00 0f 00 01 05 00 00 00 00 00 05 15 00 00 00 14 16 6a 07 0e 73 15 92 2a 64 65 d7 00 02 00 00 00 02 24 00 ff 00 0f 00 01 05 00 00 00 00 00 05 15 00 00 00 14 16 6a 07 0e 73 15 92 2a 64 65 d7 00 02 00 00 00 02 24 00 ff 00 0f 00 01 05 00 00 00 00 00 05 15 00 00 00 14 16 6a 07 0e 73 15 92 2a 64 65 d7 07 02 00 00 00 02 14 00 94 00 02 00 01 01 00 00 00 00 00 05 09 00 00 00 00 02 14 00 94 00 02 00 01 01 00 00 00 00 00 05 0b 00 00 00 00 02 14 00 ff 00 0f 00 01 01 00 00 00 00 00 05 12 00 00 00 00 0a 14 00 ff 00 0f 00 01 01 00 00 00 00 00 03 00 00 00 00</SecurityDescriptor><DisplayName><![CDATA[TESTING_!-OPT-EF_Computer_Global_CheckMK_Agent-Installation]]></DisplayName><Options><![CDATA[0]]></Options><UserVersionNumber><![CDATA[0]]></UserVersionNumber><MachineVersionNumber><![CDATA[65537]]></MachineVersionNumber><MachineExtensionGuids><![CDATA[[{C6DC5466-785A-11D2-84D0-00C04FB169F7}{942A8E4F-A261-11D1-A760-00C04FB9603F}]]]></MachineExtensionGuids><UserExtensionGuids/><WMIFilter/></GroupPolicyCoreSettings> 
        <GroupPolicyExtension bkp:ID="{35378EAC-683F-11D2-A89A-00C04FBBCFA2}" bkp:DescName="Registry">
            
            
            <FSObjectFile bkp:Path="%GPO_FSPATH%\Adm\*.*" bkp:SourceExpandedPath="\\PSC-SRV25-ADC1.standard-gpo.domain\sysvol\standard-gpo.domain\Policies\{9DB4E903-0AC0-4AAA-A07A-359DD41330A5}\Adm\*.*"/>
        </GroupPolicyExtension>
        
        
        
        
        
        
        
        
        <GroupPolicyExtension bkp:ID="{c6dc5466-785a-11d2-84d0-00c04fb169f7}" bkp:DescName="Software Installation">
            
        <DSObject bkp:Path="cn=Class Store,%GPO_MACH_DSPATH%" bkp:ObjectClass="classStore" bkp:SourceExpandedPath="cn=Class Store,cn=Machine,cn={9DB4E903-0AC0-4AAA-A07A-359DD41330A5},CN=Policies,CN=System,DC=standard-gpo,DC=domain">
                <DSObject bkp:Path="cn=Packages,cn=Class Store,%GPO_MACH_DSPATH%" bkp:ObjectClass="classStore" bkp:SourceExpandedPath="cn=Packages,cn=Class Store,cn=Machine,cn={9DB4E903-0AC0-4AAA-A07A-359DD41330A5},CN=Policies,CN=System,DC=standard-gpo,DC=domain">
                    <DSObject bkp:Path="*,cn=Packages,cn=Class Store,%GPO_MACH_DSPATH%" bkp:ObjectClass="packageRegistration" bkp:SourceExpandedPath="*,cn=Packages,cn=Class Store,cn=Machine,cn={9DB4E903-0AC0-4AAA-A07A-359DD41330A5},CN=Policies,CN=System,DC=standard-gpo,DC=domain" bkp:ReEvaluateFunction="SIProcessAllPackageObjects"><DSObject bkp:ObjectClass="packageRegistration" bkp:Path="CN=a72876ed-8f9d-4004-be2d-a4b319dce87b,CN=Packages,CN=Class Store,%GPO_MACH_DSPATH%" bkp:SourceExpandedPath="CN=a72876ed-8f9d-4004-be2d-a4b319dce87b,CN=Packages,CN=Class Store,cn=Machine,cn={9DB4E903-0AC0-4AAA-A07A-359DD41330A5},CN=Policies,CN=System,DC=standard-gpo,DC=domain" bkp:ReEvaluateFunction="SIProcessPackageObject"><FSObjectFile bkp:Path="%GPO_MACH_FSPATH%\Applications\{D5DDF472-63BF-45E7-82EF-8F5383451686}.aas" bkp:SourceExpandedPath="\\PSC-SRV25-ADC1.standard-gpo.domain\sysvol\standard-gpo.domain\Policies\{9DB4E903-0AC0-4AAA-A07A-359DD41330A5}\Machine\Applications\{D5DDF472-63BF-45E7-82EF-8F5383451686}.aas" bkp:Location="DomainSysvol\GPO\Machine\Applications\{D5DDF472-63BF-45E7-82EF-8F5383451686}.aas"/>
                        <SecurityDescriptor>01 00 04 8c 00 00 00 00 00 00 00 00 00 00 00 00 14 00 00 00 04 00 14 01 0a 00 00 00 00 00 24 00 ff 01 0f 00 01 05 00 00 00 00 00 05 15 00 00 00 14 16 6a 07 0e 73 15 92 2a 64 65 d7 00 02 00 00 00 00 14 00 94 00 02 00 01 01 00 00 00 00 00 05 0b 00 00 00 00 00 14 00 ff 01 0f 00 01 01 00 00 00 00 00 05 12 00 00 00 05 12 28 00 00 01 00 00 01 00 00 00 8f fd ac ed b3 ff d1 11 b4 1d 00 a0 c9 68 f9 39 01 01 00 00 00 00 00 05 0b 00 00 00 00 12 24 00 ff 00 0f 00 01 05 00 00 00 00 00 05 15 00 00 00 14 16 6a 07 0e 73 15 92 2a 64 65 d7 00 02 00 00 00 12 24 00 ff 00 0f 00 01 05 00 00 00 00 00 05 15 00 00 00 14 16 6a 07 0e 73 15 92 2a 64 65 d7 07 02 00 00 00 12 14 00 94 00 02 00 01 01 00 00 00 00 00 05 09 00 00 00 00 12 14 00 94 00 02 00 01 01 00 00 00 00 00 05 0b 00 00 00 00 12 14 00 ff 00 0f 00 01 01 00 00 00 00 00 05 12 00 00 00 00 1a 14 00 ff 00 0f 00 01 01 00 00 00 00 00 03 00 00 00 00</SecurityDescriptor>
                        <DSAttributeBinary bkp:DSAttrName="objectGUID"><DSValue><![CDATA[79 5b 2a c2 50 dc 06 4b 91 1d 02 56 05 bb 37 02]]></DSValue></DSAttributeBinary>
                        <DSAttributeMultiString bkp:DSAttrName="cOMClassID"><DSValue><![CDATA[00000000-0000-0000-0000-000000000000:0]]></DSValue></DSAttributeMultiString>
                        <DSAttributeMultiString bkp:DSAttrName="cOMProgID"/>
                        <DSAttributeMultiString bkp:DSAttrName="fileExtPriority"/>
                        <DSAttributeMultiDWORD bkp:DSAttrName="localeID"><DSValue><![CDATA[1033]]></DSValue></DSAttributeMultiDWORD>
                        <DSAttributeMultiDWORD bkp:DSAttrName="machineArchitecture"><DSValue><![CDATA[1282]]></DSValue></DSAttributeMultiDWORD>
                        <DSAttributeDWORD bkp:DSAttrName="versionNumberHi"><DSValue><![CDATA[2]]></DSValue></DSAttributeDWORD>
                        <DSAttributeDWORD bkp:DSAttrName="versionNumberLo"><DSValue><![CDATA[1]]></DSValue></DSAttributeDWORD>
                        <DSAttributeDWORD bkp:DSAttrName="revision"><DSValue><![CDATA[0]]></DSValue></DSAttributeDWORD>
                        <DSAttributeDWORD bkp:DSAttrName="packageType"><DSValue><![CDATA[5]]></DSValue></DSAttributeDWORD>
                        <DSAttributeDWORD bkp:DSAttrName="packageFlags"><DSValue><![CDATA[2684374128]]></DSValue></DSAttributeDWORD>
                        <DSAttributeString bkp:DSAttrName="packageName"><DSValue><![CDATA[Check MK Agent 2.1]]></DSValue></DSAttributeString>
                        <DSAttributeString bkp:DSAttrName="msiScriptPath"><DSValue><![CDATA[\\standard-gpo.domain\SysVol\standard-gpo.domain\Policies\{9DB4E903-0AC0-4AAA-A07A-359DD41330A5}\Machine\Applications\{D5DDF472-63BF-45E7-82EF-8F5383451686}.aas]]></DSValue></DSAttributeString>
                        <DSAttributeString bkp:DSAttrName="msiScriptName"><DSValue><![CDATA[A]]></DSValue></DSAttributeString>
                        <DSAttributeDWORD bkp:DSAttrName="msiScriptSize"/>
                        <DSAttributeMultiString bkp:DSAttrName="url"><DSValue><![CDATA[https://checkmk.com]]></DSValue></DSAttributeMultiString>
                        <DSAttributeString bkp:DSAttrName="setupCommand"/>
                        <DSAttributeString bkp:DSAttrName="lastUpdateSequence"><DSValue><![CDATA[20250808050414]]></DSValue></DSAttributeString>
                        <DSAttributeMultiString bkp:DSAttrName="msiFileList"><DSValue><![CDATA[0:\\psc-srv25-file1\GPO-Daten\CMK-Agent\check_mk_agent.msi]]></DSValue></DSAttributeMultiString>
                        <DSAttributeMultiString bkp:DSAttrName="categories"/>
                        <DSAttributeMultiString bkp:DSAttrName="canUpgradeScript"/>
                        <DSAttributeDWORD bkp:DSAttrName="installUiLevel"><DSValue><![CDATA[5]]></DSValue></DSAttributeDWORD>
                        <DSAttributeBinary bkp:DSAttrName="msiScript"/>
                        <DSAttributeString bkp:DSAttrName="displayName"><DSValue><![CDATA[Check MK Agent 2.1]]></DSValue></DSAttributeString>
                        <DSAttributeBinary bkp:DSAttrName="productCode"><DSValue><![CDATA[2e 5e 1c 33 70 5e ab 41 ac 3a c3 52 eb a3 67 46]]></DSValue></DSAttributeBinary>
                        <DSAttributeBinary bkp:DSAttrName="upgradeProductCode"><DSValue><![CDATA[e9 34 f4 83 96 ea 81 48 aa 93 e2 1b 27 28 5c 05]]></DSValue></DSAttributeBinary>
                        <DSAttributeString bkp:DSAttrName="Vendor"/>
                    </DSObject>
                        <SecurityDescriptor/>
                        <DSAttributeBinary bkp:DSAttrName="objectGUID"/>
                        <DSAttributeMultiString bkp:DSAttrName="cOMClassID"/>
                        <DSAttributeMultiString bkp:DSAttrName="cOMProgID"/>
                        <DSAttributeMultiString bkp:DSAttrName="fileExtPriority"/>
                        <DSAttributeMultiDWORD bkp:DSAttrName="localeID"/>
                        <DSAttributeMultiDWORD bkp:DSAttrName="machineArchitecture"/>
                        <DSAttributeDWORD bkp:DSAttrName="versionNumberHi"/>
                        <DSAttributeDWORD bkp:DSAttrName="versionNumberLo"/>
                        <DSAttributeDWORD bkp:DSAttrName="revision"/>
                        <DSAttributeDWORD bkp:DSAttrName="packageType"/>
                        <DSAttributeDWORD bkp:DSAttrName="packageFlags"/>
                        <DSAttributeString bkp:DSAttrName="packageName"/>
                        <DSAttributeString bkp:DSAttrName="msiScriptPath"/>
                        <DSAttributeString bkp:DSAttrName="msiScriptName"/>
                        <DSAttributeDWORD bkp:DSAttrName="msiScriptSize"/>
                        <DSAttributeMultiString bkp:DSAttrName="url"/>
                        <DSAttributeString bkp:DSAttrName="setupCommand"/>
                        <DSAttributeString bkp:DSAttrName="lastUpdateSequence"/>
                        <DSAttributeMultiString bkp:DSAttrName="msiFileList"/>
                        <DSAttributeMultiString bkp:DSAttrName="categories"/>
                        <DSAttributeMultiString bkp:DSAttrName="canUpgradeScript"/>
                        <DSAttributeDWORD bkp:DSAttrName="installUiLevel"/>
                        <DSAttributeBinary bkp:DSAttrName="msiScript"/>
                        <DSAttributeString bkp:DSAttrName="displayName"/>
                        <DSAttributeBinary bkp:DSAttrName="productCode"/>
                        <DSAttributeBinary bkp:DSAttrName="upgradeProductCode"/>
                        <DSAttributeString bkp:DSAttrName="Vendor"/>
                    </DSObject>
                </DSObject>
                <DSAttributeDWORD bkp:DSAttrName="appSchemaVersion"><DSValue><![CDATA[1740]]></DSValue></DSAttributeDWORD>
                <DSAttributeString bkp:DSAttrName="extensionName"><DSValue><![CDATA[TESTING_!-OPT-EF_Computer_Global_CheckMK_Agent-Installation]]></DSValue></DSAttributeString>
                <DSAttributeString bkp:DSAttrName="description"><DSValue><![CDATA[Application Store]]></DSValue></DSAttributeString>
                <DSAttributeExpandedString bkp:DSAttrName="displayName">
                    <DSValue>LDAP://%GPO_DSPATH%</DSValue>
                </DSAttributeExpandedString>
            </DSObject>
        </GroupPolicyExtension>
    <GroupPolicyExtension bkp:ID="{F15C46CD-82A0-4C2D-A210-5D0D3182A418}" bkp:DescName="Unknown Extension"><FSObjectDir bkp:Path="%GPO_MACH_FSPATH%\Applications" bkp:SourceExpandedPath="\\PSC-SRV25-ADC1.standard-gpo.domain\sysvol\standard-gpo.domain\Policies\{9DB4E903-0AC0-4AAA-A07A-359DD41330A5}\Machine\Applications" bkp:Location="DomainSysvol\GPO\Machine\Applications"/><FSObjectDir bkp:Path="%GPO_MACH_FSPATH%\Scripts" bkp:SourceExpandedPath="\\PSC-SRV25-ADC1.standard-gpo.domain\sysvol\standard-gpo.domain\Policies\{9DB4E903-0AC0-4AAA-A07A-359DD41330A5}\Machine\Scripts" bkp:Location="DomainSysvol\GPO\Machine\Scripts"/><FSObjectDir bkp:Path="%GPO_MACH_FSPATH%\Scripts\Shutdown" bkp:SourceExpandedPath="\\PSC-SRV25-ADC1.standard-gpo.domain\sysvol\standard-gpo.domain\Policies\{9DB4E903-0AC0-4AAA-A07A-359DD41330A5}\Machine\Scripts\Shutdown" bkp:Location="DomainSysvol\GPO\Machine\Scripts\Shutdown"/><FSObjectDir bkp:Path="%GPO_MACH_FSPATH%\Scripts\Startup" bkp:SourceExpandedPath="\\PSC-SRV25-ADC1.standard-gpo.domain\sysvol\standard-gpo.domain\Policies\{9DB4E903-0AC0-4AAA-A07A-359DD41330A5}\Machine\Scripts\Startup" bkp:Location="DomainSysvol\GPO\Machine\Scripts\Startup"/></GroupPolicyExtension></GroupPolicyObject>
</GroupPolicyBackupScheme>