<BackupInst xmlns="http://www.microsoft.com/GroupPolicy/GPOOperations/Manifest" xmlns:mfst="http://www.microsoft.com/GroupPolicy/GPOOperations/Manifest" mfst:SIPresent="true"><GPOGuid><![CDATA[{9DB4E903-0AC0-4AAA-A07A-359DD41330A5}]]></GPOGuid><GPODomain><![CDATA[standard-gpo.domain]]></GPODomain><GPODomainGuid><![CDATA[{15b8ef7f-fd5a-4b30-b1ed-5b31e51e4e12}]]></GPODomainGuid><GPODomainController><![CDATA[PSC-SRV25-ADC1.standard-gpo.domain]]></GPODomainController><BackupTime><![CDATA[2025-10-06T13:04:11]]></BackupTime><ID><![CDATA[{7A59CCF4-8FB6-41F4-A367-DA98557C91A7}]]></ID><Comment><![CDATA[]]></Comment><GPODisplayName><![CDATA[TESTING_!-OPT-EF_Computer_Global_CheckMK_Agent-Installation]]></GPODisplayName></BackupInst>
