<BackupInst xmlns="http://www.microsoft.com/GroupPolicy/GPOOperations/Manifest"><GPOGuid><![CDATA[{D8DE3FCE-9CDD-487D-BF32-8D26CBFD8887}]]></GPOGuid><GPODomain><![CDATA[standard-gpo.domain]]></GPODomain><GPODomainGuid><![CDATA[{15b8ef7f-fd5a-4b30-b1ed-5b31e51e4e12}]]></GPODomainGuid><GPODomainController><![CDATA[PSC-SRV25-ADC1.standard-gpo.domain]]></GPODomainController><BackupTime><![CDATA[2025-10-06T13:03:52]]></BackupTime><ID><![CDATA[{282B8B6A-2234-4713-A34F-EADE38767FFF}]]></ID><Comment><![CDATA[]]></Comment><GPODisplayName><![CDATA[EF_User_DomainUser_ControlPanel-Personalization_SetScreensaver]]></GPODisplayName></BackupInst>
