<BackupInst xmlns="http://www.microsoft.com/GroupPolicy/GPOOperations/Manifest"><GPOGuid><![CDATA[{8A232077-50F0-4B7D-A19B-4D540038ABF7}]]></GPOGuid><GPODomain><![CDATA[standard-gpo.domain]]></GPODomain><GPODomainGuid><![CDATA[{15b8ef7f-fd5a-4b30-b1ed-5b31e51e4e12}]]></GPODomainGuid><GPODomainController><![CDATA[PSC-SRV25-ADC1.standard-gpo.domain]]></GPODomainController><BackupTime><![CDATA[2025-10-06T13:04:14]]></BackupTime><ID><![CDATA[{9AFACB20-D053-45F1-9774-A09D6D1ACA66}]]></ID><Comment><![CDATA[]]></Comment><GPODisplayName><![CDATA[TESTING-EF_SecurityBaseline_User_Dispo_ControlPanel_DisableSoundSettingsOnly]]></GPODisplayName></BackupInst>
