<BackupInst xmlns="http://www.microsoft.com/GroupPolicy/GPOOperations/Manifest"><GPOGuid><![CDATA[{336F8DA9-AF2E-491C-A0DA-04EEF24F6C4F}]]></GPOGuid><GPODomain><![CDATA[standard-gpo.domain]]></GPODomain><GPODomainGuid><![CDATA[{15b8ef7f-fd5a-4b30-b1ed-5b31e51e4e12}]]></GPODomainGuid><GPODomainController><![CDATA[PSC-SRV25-ADC1.standard-gpo.domain]]></GPODomainController><BackupTime><![CDATA[2025-10-06T13:04:10]]></BackupTime><ID><![CDATA[{2843B827-9F5A-4B7E-8C68-45C1970AA1AF}]]></ID><Comment><![CDATA[]]></Comment><GPODisplayName><![CDATA[TESTING_!-EF_Computer_Global_Sicherheitsoption-UserRights_SystemLogonSettings]]></GPODisplayName></BackupInst>
