<BackupInst xmlns="http://www.microsoft.com/GroupPolicy/GPOOperations/Manifest"><GPOGuid><![CDATA[{3306CC09-9ED1-4313-B4C5-D60D8F3C49E3}]]></GPOGuid><GPODomain><![CDATA[standard-gpo.domain]]></GPODomain><GPODomainGuid><![CDATA[{15b8ef7f-fd5a-4b30-b1ed-5b31e51e4e12}]]></GPODomainGuid><GPODomainController><![CDATA[PSC-SRV25-ADC1.standard-gpo.domain]]></GPODomainController><BackupTime><![CDATA[2025-10-06T13:04:04]]></BackupTime><ID><![CDATA[{C541E50B-7691-4028-ACDF-1D32AEC97973}]]></ID><Comment><![CDATA[]]></Comment><GPODisplayName><![CDATA[OPT_MS_SecurityBaseline_Computer_Client_WinComponents-BitLocker]]></GPODisplayName></BackupInst>
