<BackupInst xmlns="http://www.microsoft.com/GroupPolicy/GPOOperations/Manifest"><GPOGuid><![CDATA[{9E745936-F433-46E6-B338-D06EBF0BC1D3}]]></GPOGuid><GPODomain><![CDATA[standard-gpo.domain]]></GPODomain><GPODomainGuid><![CDATA[{15b8ef7f-fd5a-4b30-b1ed-5b31e51e4e12}]]></GPODomainGuid><GPODomainController><![CDATA[PSC-SRV25-ADC1.standard-gpo.domain]]></GPODomainController><BackupTime><![CDATA[2025-10-06T13:04:10]]></BackupTime><ID><![CDATA[{D376485F-5E99-4B8C-8616-8455CFC8CE8C}]]></ID><Comment><![CDATA[]]></Comment><GPODisplayName><![CDATA[TESTING_!-EF_User_Dispo_PreferredLanguageAndKeyboardLayout]]></GPODisplayName></BackupInst>
