<BackupInst xmlns="http://www.microsoft.com/GroupPolicy/GPOOperations/Manifest"><GPOGuid><![CDATA[{8B841D02-9EA0-482A-9F9D-2EDFED6AA9F4}]]></GPOGuid><GPODomain><![CDATA[standard-gpo.domain]]></GPODomain><GPODomainGuid><![CDATA[{15b8ef7f-fd5a-4b30-b1ed-5b31e51e4e12}]]></GPODomainGuid><GPODomainController><![CDATA[PSC-SRV25-ADC1.standard-gpo.domain]]></GPODomainController><BackupTime><![CDATA[2025-10-06T13:03:36]]></BackupTime><ID><![CDATA[{3D103DB4-5124-4682-BDF4-B948C162D5A3}]]></ID><Comment><![CDATA[]]></Comment><GPODisplayName><![CDATA[_!-OPT-EF_User_DomainUser_DriveMaps_Map-Home]]></GPODisplayName></BackupInst>
