<BackupInst xmlns="http://www.microsoft.com/GroupPolicy/GPOOperations/Manifest"><GPOGuid><![CDATA[{46E4AFDC-B974-4888-BE40-08296706D67D}]]></GPOGuid><GPODomain><![CDATA[standard-gpo.domain]]></GPODomain><GPODomainGuid><![CDATA[{15b8ef7f-fd5a-4b30-b1ed-5b31e51e4e12}]]></GPODomainGuid><GPODomainController><![CDATA[PSC-SRV25-ADC1.standard-gpo.domain]]></GPODomainController><BackupTime><![CDATA[2025-10-06T13:03:35]]></BackupTime><ID><![CDATA[{C230E157-0030-46D7-9FA1-E9404B272B52}]]></ID><Comment><![CDATA[]]></Comment><GPODisplayName><![CDATA[_!-OPT-EF_User_Dispo_StartmenuTaskbar-VolumeControl]]></GPODisplayName></BackupInst>
