<BackupInst xmlns="http://www.microsoft.com/GroupPolicy/GPOOperations/Manifest"><GPOGuid><![CDATA[{D5EAECC5-099A-468F-B7C1-78936B4D1918}]]></GPOGuid><GPODomain><![CDATA[standard-gpo.domain]]></GPODomain><GPODomainGuid><![CDATA[{15b8ef7f-fd5a-4b30-b1ed-5b31e51e4e12}]]></GPODomainGuid><GPODomainController><![CDATA[PSC-SRV25-ADC1.standard-gpo.domain]]></GPODomainController><BackupTime><![CDATA[2025-10-06T13:03:33]]></BackupTime><ID><![CDATA[{378C871B-32B2-4FAD-8E03-3455A6F6D379}]]></ID><Comment><![CDATA[]]></Comment><GPODisplayName><![CDATA[_!-EF_SecurityBaseline_Computer_Global_Securityoption-LocalPolicies-UserRightsAssignment_DenyLogon-DocusnapAndBackupUser]]></GPODisplayName></BackupInst>
