<BackupInst xmlns="http://www.microsoft.com/GroupPolicy/GPOOperations/Manifest"><GPOGuid><![CDATA[{D53113E1-B824-4DF3-A770-C454E411E6DD}]]></GPOGuid><GPODomain><![CDATA[standard-gpo.domain]]></GPODomain><GPODomainGuid><![CDATA[{15b8ef7f-fd5a-4b30-b1ed-5b31e51e4e12}]]></GPODomainGuid><GPODomainController><![CDATA[PSC-SRV25-ADC1.standard-gpo.domain]]></GPODomainController><BackupTime><![CDATA[2025-10-06T13:04:02]]></BackupTime><ID><![CDATA[{15673400-333F-4CAA-9709-E1E99D898655}]]></ID><Comment><![CDATA[]]></Comment><GPODisplayName><![CDATA[OBSOLETE_!-EF_User_Dispo_StartmenuTaskbar-StartLayout]]></GPODisplayName></BackupInst>
