<?xml version="1.0" encoding="utf-8"?>
<Shortcuts clsid="{872ECB34-B2EC-401b-A585-D32574AA90EE}"><Shortcut clsid="{4F2F7C55-2790-433e-8127-0739D1CFA327}" userContext="1" name="WinSCP_Link" status="WinSCP_Link" image="3" changed="2025-01-30 10:32:00" uid="{8053A1E6-7D3B-428C-99B9-0D1CD4E09093}"><Properties pidl="" targetType="FILESYSTEM" action="D" comment="" shortcutKey="0" startIn="\\PSC-SRV25-FILE1\Benutzerordner\%logonuser%\WinSCP" arguments="" iconIndex="0" targetPath="\\PSC-SRV25-FILE1\Benutzerordner\%logonuser%\WinSCP\WinSCP.exe" iconPath="" window="" shortcutPath="%DesktopDir%\WinSCP_Link"/></Shortcut>
	<Shortcut clsid="{4F2F7C55-2790-433e-8127-0739D1CFA327}" userContext="1" name="X-LW" status="X-LW" image="2" changed="2025-01-29 15:49:23" uid="{F928B1B9-1CF8-4D90-B556-65FE40EED88B}"><Properties pidl="" targetType="FILESYSTEM" action="U" comment="" shortcutKey="0" startIn="X:\" arguments="" iconIndex="0" targetPath="X:\" iconPath="" window="" shortcutPath="%DesktopDir%\X-LW"/></Shortcut>
	<Shortcut clsid="{4F2F7C55-2790-433e-8127-0739D1CFA327}" userContext="1" name="T-CPR" status="T-CPR" image="2" changed="2025-01-30 10:31:43" uid="{613EF0DF-C55A-45CC-B573-2709918F31CA}"><Properties pidl="" targetType="FILESYSTEM" action="U" comment="" shortcutKey="0" startIn="\\psc-srv25-file1\Share\T-CPR\Live\" arguments="" iconIndex="0" targetPath="\\psc-srv25-file1\Share\T-CPR\Live\T-CPR_v2.2.1.exe" iconPath="" window="" shortcutPath="%DesktopDir%\T-CPR"/></Shortcut>
	<Shortcut clsid="{4F2F7C55-2790-433e-8127-0739D1CFA327}" userContext="1" name="T-CPR_Link" status="T-CPR_Link" image="3" changed="2025-01-30 10:32:17" uid="{5009B986-086C-4A1D-B8AF-808DE0E81CFF}"><Properties pidl="" targetType="FILESYSTEM" action="D" comment="" shortcutKey="0" startIn="\\PSC-SRV25-FILE1\Benutzerordner\%logonuser%\WinSCP" arguments="" iconIndex="0" targetPath="\\PSC-SRV25-FILE1\Benutzerordner\%logonuser%\WinSCP\WinSCP.exe" iconPath="" window="" shortcutPath="%DesktopDir%\T-CPR_Link"/></Shortcut>
</Shortcuts>
