<BackupInst xmlns="http://www.microsoft.com/GroupPolicy/GPOOperations/Manifest"><GPOGuid><![CDATA[{AC5AD4F1-D41F-4FF0-8D9F-85AA2723CEA4}]]></GPOGuid><GPODomain><![CDATA[standard-gpo.domain]]></GPODomain><GPODomainGuid><![CDATA[{15b8ef7f-fd5a-4b30-b1ed-5b31e51e4e12}]]></GPODomainGuid><GPODomainController><![CDATA[PSC-SRV25-ADC1.standard-gpo.domain]]></GPODomainController><BackupTime><![CDATA[2025-10-06T13:03:31]]></BackupTime><ID><![CDATA[{C66E4ED5-7B1D-479F-AEB9-C3C4F5D371D3}]]></ID><Comment><![CDATA[]]></Comment><GPODisplayName><![CDATA[_!-EF_Computer_Global_WinComponents-WindowsUpdate_SetSource]]></GPODisplayName></BackupInst>
