<BackupInst xmlns="http://www.microsoft.com/GroupPolicy/GPOOperations/Manifest"><GPOGuid><![CDATA[{BE7537BE-3D53-490D-8668-AD97BA57522B}]]></GPOGuid><GPODomain><![CDATA[standard-gpo.domain]]></GPODomain><GPODomainGuid><![CDATA[{15b8ef7f-fd5a-4b30-b1ed-5b31e51e4e12}]]></GPODomainGuid><GPODomainController><![CDATA[PSC-SRV25-ADC1.standard-gpo.domain]]></GPODomainController><BackupTime><![CDATA[2025-10-06T13:03:46]]></BackupTime><ID><![CDATA[{2DCBAF40-E055-4DC0-814B-EA61F76ECA46}]]></ID><Comment><![CDATA[]]></Comment><GPODisplayName><![CDATA[EF_SecurityBaseline_User_Dispo_System]]></GPODisplayName></BackupInst>
