<BackupInst xmlns="http://www.microsoft.com/GroupPolicy/GPOOperations/Manifest"><GPOGuid><![CDATA[{9F128AA9-2613-4F8D-8BA1-7F1827B1E57A}]]></GPOGuid><GPODomain><![CDATA[standard-gpo.domain]]></GPODomain><GPODomainGuid><![CDATA[{15b8ef7f-fd5a-4b30-b1ed-5b31e51e4e12}]]></GPODomainGuid><GPODomainController><![CDATA[PSC-SRV25-ADC1.standard-gpo.domain]]></GPODomainController><BackupTime><![CDATA[2025-10-06T13:04:14]]></BackupTime><ID><![CDATA[{35DF3C4D-6452-41ED-B6D7-E67CBBAE9107}]]></ID><Comment><![CDATA[]]></Comment><GPODisplayName><![CDATA[TESTING-EF_Computer_Client-Server_Securityoptions-WinDefFirewall-RuleSet_UCIP]]></GPODisplayName></BackupInst>
