<?xml version="1.0" encoding="utf-8"?>
<Folders clsid="{77CC39E7-3D16-4f8f-AF86-EC0BBEE2C861}"><Folder clsid="{07DA02F5-F9CD-4397-A550-4AE21B6B4BD3}" name="Notsystem" status="Notsystem" image="0" changed="2023-06-22 12:04:20" uid="{341C5282-BE0A-4E6F-AE45-134A3295424F}"><Properties action="C" path="D:\Users\Public\Desktop\Notsystem" readOnly="0" archive="1" hidden="0"/></Folder>
	<Folder clsid="{07DA02F5-F9CD-4397-A550-4AE21B6B4BD3}" name="Schulungssystem" status="Schulungssystem" image="0" changed="2023-06-22 12:04:24" uid="{656781F1-0983-454E-A963-091F62B3E99D}"><Properties action="C" path="D:\Users\Public\Desktop\Schulungssystem" readOnly="0" archive="1" hidden="0"/></Folder>
	<Folder clsid="{07DA02F5-F9CD-4397-A550-4AE21B6B4BD3}" name="Echtsystem" status="Echtsystem" image="0" changed="2023-06-22 12:04:17" uid="{BD243EC5-A65E-4A26-91F5-FBA6F117FD97}"><Properties action="C" path="D:\Users\Public\Desktop\Echtsystem" readOnly="0" archive="1" hidden="0"/></Folder>
</Folders>
