<?xml version="1.0" encoding="utf-8"?>
<RegistrySettings clsid="{A3CCFC41-DFDB-43a5-8D26-0FE8B954DA51}"><Registry clsid="{9CD4B2F4-923D-47f5-A062-E897DD1DAD50}" name=".jpg" status=".jpg" image="7" changed="2021-07-28 06:48:23" uid="{A3ECCEE2-C2B8-489D-A80B-04EBBF27450C}"><Properties action="U" displayDecimal="0" default="0" hive="HKEY_LOCAL_MACHINE" key="SOFTWARE\Microsoft\Windows Photo Viewer\Capabilities\FileAssociations" name=".jpg" type="REG_SZ" value="PhotoViewer.FileAssoc.Tiff"/></Registry>
	<Registry clsid="{9CD4B2F4-923D-47f5-A062-E897DD1DAD50}" name=".jpeg" status=".jpeg" image="7" changed="2021-07-28 06:49:20" uid="{F7A19D2C-F4D3-4A4B-838A-54830492C910}"><Properties action="U" displayDecimal="0" default="0" hive="HKEY_LOCAL_MACHINE" key="SOFTWARE\Microsoft\Windows Photo Viewer\Capabilities\FileAssociations" name=".jpeg" type="REG_SZ" value="PhotoViewer.FileAssoc.Tiff"/></Registry>
	<Registry clsid="{9CD4B2F4-923D-47f5-A062-E897DD1DAD50}" name=".png" status=".png" image="7" changed="2021-07-28 06:50:17" uid="{C2C28008-ECA6-4A1A-B786-31177D2A61B7}"><Properties action="U" displayDecimal="0" default="0" hive="HKEY_LOCAL_MACHINE" key="SOFTWARE\Microsoft\Windows Photo Viewer\Capabilities\FileAssociations" name=".png" type="REG_SZ" value="PhotoViewer.FileAssoc.Tiff"/></Registry>
</RegistrySettings>
