<BackupInst xmlns="http://www.microsoft.com/GroupPolicy/GPOOperations/Manifest"><GPOGuid><![CDATA[{2A2D618C-39B0-4A38-8B18-98F0960D6B2D}]]></GPOGuid><GPODomain><![CDATA[standard-gpo.domain]]></GPODomain><GPODomainGuid><![CDATA[{15b8ef7f-fd5a-4b30-b1ed-5b31e51e4e12}]]></GPODomainGuid><GPODomainController><![CDATA[PSC-SRV25-ADC1.standard-gpo.domain]]></GPODomainController><BackupTime><![CDATA[2025-10-06T13:04:09]]></BackupTime><ID><![CDATA[{CCA733A5-E5C6-4493-9C88-12159BCE65C1}]]></ID><Comment><![CDATA[]]></Comment><GPODisplayName><![CDATA[TESTING_!-EF_Computer_Global_Sicherheitsoption-LogonSettings_EF-TerminalUsers]]></GPODisplayName></BackupInst>
