<BackupInst xmlns="http://www.microsoft.com/GroupPolicy/GPOOperations/Manifest"><GPOGuid><![CDATA[{52355A4A-CF09-4096-BF72-52ADA7648BC1}]]></GPOGuid><GPODomain><![CDATA[standard-gpo.domain]]></GPODomain><GPODomainGuid><![CDATA[{15b8ef7f-fd5a-4b30-b1ed-5b31e51e4e12}]]></GPODomainGuid><GPODomainController><![CDATA[PSC-SRV25-ADC1.standard-gpo.domain]]></GPODomainController><BackupTime><![CDATA[2025-10-06T13:03:52]]></BackupTime><ID><![CDATA[{3B4690C0-B8C0-4EE0-BF31-1F28CC979C58}]]></ID><Comment><![CDATA[]]></Comment><GPODisplayName><![CDATA[EF_User_Touch_Registry-MouseEmulation]]></GPODisplayName></BackupInst>
