<BackupInst xmlns="http://www.microsoft.com/GroupPolicy/GPOOperations/Manifest"><GPOGuid><![CDATA[{8B9D59C1-9E73-4B31-9921-760528D6230A}]]></GPOGuid><GPODomain><![CDATA[standard-gpo.domain]]></GPODomain><GPODomainGuid><![CDATA[{15b8ef7f-fd5a-4b30-b1ed-5b31e51e4e12}]]></GPODomainGuid><GPODomainController><![CDATA[PSC-SRV25-ADC1.standard-gpo.domain]]></GPODomainController><BackupTime><![CDATA[2025-10-06T13:04:06]]></BackupTime><ID><![CDATA[{54BE0691-192A-4CE3-B6AA-2272F1AD2503}]]></ID><Comment><![CDATA[]]></Comment><GPODisplayName><![CDATA[OPT-EF_Computer_Server_SEAD_NetSupportManagerControl]]></GPODisplayName></BackupInst>
