<?xml version="1.0" encoding="utf-8"?>
<Shortcuts clsid="{872ECB34-B2EC-401b-A585-D32574AA90EE}"><Shortcut clsid="{4F2F7C55-2790-433e-8127-0739D1CFA327}" userContext="1" name="Remotedesktop" status="Remotedesktop" image="2" changed="2022-07-01 14:03:35" uid="{CD1CC716-28ED-4662-AB4B-D5195FD0D9D2}"><Properties pidl="" targetType="FILESYSTEM" action="U" comment="" shortcutKey="0" startIn="C:\Windows\System32\" arguments="" iconIndex="0" targetPath="C:\Windows\System32\mstsc.exe" iconPath="" window="" shortcutPath="%DesktopDir%\Remotedesktop"/></Shortcut>
	<Shortcut clsid="{4F2F7C55-2790-433e-8127-0739D1CFA327}" userContext="1" name="Explorer" status="Explorer" image="2" changed="2022-07-01 14:04:05" uid="{0306EEBB-CC5D-4E7A-AAD8-83730C27A5E4}"><Properties pidl="" targetType="FILESYSTEM" action="U" comment="" shortcutKey="0" startIn="C:\Windows\" arguments="" iconIndex="0" targetPath="C:\Windows\explorer.exe" iconPath="" window="" shortcutPath="%DesktopDir%\Explorer"/></Shortcut>
	<Shortcut clsid="{4F2F7C55-2790-433e-8127-0739D1CFA327}" userContext="1" name="Systemsteuerung" status="Systemsteuerung" image="2" changed="2022-07-01 14:04:38" uid="{CE3BD2FF-5A4A-424F-9C9B-40F8643CAAA3}"><Properties pidl="" targetType="FILESYSTEM" action="U" comment="" shortcutKey="0" startIn="C:\Windows\System32\" arguments="" iconIndex="0" targetPath="C:\Windows\System32\control.exe" iconPath="" window="" shortcutPath="%DesktopDir%\Systemsteuerung"/></Shortcut>
	<Shortcut clsid="{4F2F7C55-2790-433e-8127-0739D1CFA327}" userContext="1" name="Snipping Tool" status="Snipping Tool" image="2" changed="2022-07-01 14:05:04" uid="{9CDB47FC-7480-4FC9-8B38-0B0A6285EE16}"><Properties pidl="" targetType="FILESYSTEM" action="U" comment="" shortcutKey="0" startIn="C:\Windows\System32\" arguments="" iconIndex="0" targetPath="C:\Windows\System32\SnippingTool.exe" iconPath="" window="" shortcutPath="%DesktopDir%\Snipping Tool"/></Shortcut>
</Shortcuts>
