<?xml version="1.0" encoding="utf-8"?>
<RegistrySettings clsid="{A3CCFC41-DFDB-43a5-8D26-0FE8B954DA51}"><Registry clsid="{9CD4B2F4-923D-47f5-A062-E897DD1DAD50}" name="1" status="1" image="7" changed="2023-07-07 12:17:20" uid="{8563DCBE-2B5D-4C67-AF00-8B35B2FEFD7C}"><Properties action="U" displayDecimal="0" default="0" hive="HKEY_USERS" key=".DEFAULT\Keyboard Layout\Preload" name="1" type="REG_SZ" value="00000407"/></Registry>
	<Registry clsid="{9CD4B2F4-923D-47f5-A062-E897DD1DAD50}" name="Preload" status="(Default)" image="7" changed="2023-07-07 12:17:04" uid="{59007B2D-1A7A-4EB7-AA00-994E33A3F694}"><Properties action="U" displayDecimal="1" default="1" hive="HKEY_USERS" key=".DEFAULT\Keyboard Layout\Preload" name="" type="REG_SZ" value="00000407"/></Registry>
	<Registry clsid="{9CD4B2F4-923D-47f5-A062-E897DD1DAD50}" name="Preload" status="(Default)" image="7" changed="2023-07-07 12:17:10" uid="{D7589365-4BFD-4B85-A394-7E881E6C67F4}"><Properties action="U" displayDecimal="0" default="1" hive="HKEY_LOCAL_MACHINE" key="SYSTEM\Keyboard Layout\Preload" name="" type="REG_SZ" value="00000407"/></Registry>
	<Registry clsid="{9CD4B2F4-923D-47f5-A062-E897DD1DAD50}" name="Preload" status="(Default)" image="7" changed="2023-07-07 12:17:16" uid="{376B35AC-11A1-4035-94C7-02CCC20BC7C7}"><Properties action="U" displayDecimal="0" default="1" hive="HKEY_CURRENT_USER" key="Keyboard Layout\Preload" name="" type="REG_SZ" value="00000407"/></Registry>
	<Registry clsid="{9CD4B2F4-923D-47f5-A062-E897DD1DAD50}" name="1" status="1" image="7" changed="2023-07-07 12:17:22" uid="{43080B68-84BD-49C6-988F-9FCC7082D97A}"><Properties action="U" displayDecimal="0" default="0" hive="HKEY_LOCAL_MACHINE" key="SYSTEM\Keyboard Layout\Preload" name="1" type="REG_SZ" value="00000407"/></Registry>
	<Registry clsid="{9CD4B2F4-923D-47f5-A062-E897DD1DAD50}" name="1" status="1" image="7" changed="2023-07-07 12:17:24" uid="{A9F7421E-7F79-4427-994A-3AABDB4CE0EE}"><Properties action="U" displayDecimal="0" default="0" hive="HKEY_CURRENT_USER" key="Keyboard Layout\Preload" name="1" type="REG_SZ" value="00000407"/></Registry>
</RegistrySettings>
