<?xml version="1.0" encoding="utf-8"?>
<Folders clsid="{77CC39E7-3D16-4f8f-AF86-EC0BBEE2C861}"><Folder clsid="{07DA02F5-F9CD-4397-A550-4AE21B6B4BD3}" name="Notsystem" status="Notsystem" image="0" changed="2023-06-22 11:50:51" uid="{27EED541-A771-44EB-A66F-121EC5519081}"><Properties action="C" path="C:\Users\Public\Desktop\Notsystem" readOnly="0" archive="1" hidden="0"/></Folder>
	<Folder clsid="{07DA02F5-F9CD-4397-A550-4AE21B6B4BD3}" name="Schulungssystem" status="Schulungssystem" image="0" changed="2022-08-08 11:32:41" uid="{203F6B18-7F3B-460B-BA7E-1B76F26896CE}"><Properties action="C" path="C:\Users\Public\Desktop\Schulungssystem" readOnly="0" archive="1" hidden="0"/></Folder>
	<Folder clsid="{07DA02F5-F9CD-4397-A550-4AE21B6B4BD3}" name="Echtsystem" status="Echtsystem" image="0" changed="2022-07-26 11:21:00" uid="{68976C7B-3E8C-4593-BABD-49948302BF8B}"><Properties action="C" path="C:\Users\Public\Desktop\Echtsystem" readOnly="0" archive="1" hidden="0"/></Folder>
</Folders>
