<BackupInst xmlns="http://www.microsoft.com/GroupPolicy/GPOOperations/Manifest"><GPOGuid><![CDATA[{B1A8CF92-B414-411D-9512-80EAF17738AD}]]></GPOGuid><GPODomain><![CDATA[standard-gpo.domain]]></GPODomain><GPODomainGuid><![CDATA[{15b8ef7f-fd5a-4b30-b1ed-5b31e51e4e12}]]></GPODomainGuid><GPODomainController><![CDATA[PSC-SRV25-ADC1.standard-gpo.domain]]></GPODomainController><BackupTime><![CDATA[2025-10-06T13:04:11]]></BackupTime><ID><![CDATA[{6411DD44-2F1E-4648-AFD8-7879B038A3EF}]]></ID><Comment><![CDATA[]]></Comment><GPODisplayName><![CDATA[TESTING_!-EF_User_EF-TerminalUser_Desktopverknüpfungen]]></GPODisplayName></BackupInst>
