<BackupInst xmlns="http://www.microsoft.com/GroupPolicy/GPOOperations/Manifest"><GPOGuid><![CDATA[{F4CE7FC4-4610-4744-985D-CBAE58D54623}]]></GPOGuid><GPODomain><![CDATA[standard-gpo.domain]]></GPODomain><GPODomainGuid><![CDATA[{15b8ef7f-fd5a-4b30-b1ed-5b31e51e4e12}]]></GPODomainGuid><GPODomainController><![CDATA[PSC-SRV25-ADC1.standard-gpo.domain]]></GPODomainController><BackupTime><![CDATA[2025-10-06T13:03:14]]></BackupTime><ID><![CDATA[{B5598D99-99F6-4E6B-B0C4-7626F073CE1C}]]></ID><Comment><![CDATA[]]></Comment><GPODisplayName><![CDATA[_!-EF_Computer_Client_EAP_Files_Autostart]]></GPODisplayName></BackupInst>
