<BackupInst xmlns="http://www.microsoft.com/GroupPolicy/GPOOperations/Manifest"><GPOGuid><![CDATA[{EB92F020-5597-40B7-9656-1930A20CB7EB}]]></GPOGuid><GPODomain><![CDATA[standard-gpo.domain]]></GPODomain><GPODomainGuid><![CDATA[{15b8ef7f-fd5a-4b30-b1ed-5b31e51e4e12}]]></GPODomainGuid><GPODomainController><![CDATA[PSC-SRV25-ADC1.standard-gpo.domain]]></GPODomainController><BackupTime><![CDATA[2025-10-06T13:04:02]]></BackupTime><ID><![CDATA[{B25D58DD-EF89-4EB2-89EF-506E26351F2F}]]></ID><Comment><![CDATA[]]></Comment><GPODisplayName><![CDATA[OBSOLETE_EF_User_DomainUser_Registry_Disable-SearchboxTaskviewTabletmode]]></GPODisplayName></BackupInst>
