<BackupInst xmlns="http://www.microsoft.com/GroupPolicy/GPOOperations/Manifest"><GPOGuid><![CDATA[{590B633F-B747-4873-A07E-645E075C5735}]]></GPOGuid><GPODomain><![CDATA[standard-gpo.domain]]></GPODomain><GPODomainGuid><![CDATA[{15b8ef7f-fd5a-4b30-b1ed-5b31e51e4e12}]]></GPODomainGuid><GPODomainController><![CDATA[PSC-SRV25-ADC1.standard-gpo.domain]]></GPODomainController><BackupTime><![CDATA[2025-10-06T13:03:38]]></BackupTime><ID><![CDATA[{1C73A92D-8955-47EE-A075-E71180561A7D}]]></ID><Comment><![CDATA[]]></Comment><GPODisplayName><![CDATA[EF_Computer_Client-Server-Cluster-DC_WinComponents-WindowsUpdate]]></GPODisplayName></BackupInst>
