<BackupInst xmlns="http://www.microsoft.com/GroupPolicy/GPOOperations/Manifest"><GPOGuid><![CDATA[{38C3F4CC-15CC-4496-B5C1-8FF2B83AB98C}]]></GPOGuid><GPODomain><![CDATA[standard-gpo.domain]]></GPODomain><GPODomainGuid><![CDATA[{15b8ef7f-fd5a-4b30-b1ed-5b31e51e4e12}]]></GPODomainGuid><GPODomainController><![CDATA[PSC-SRV25-ADC1.standard-gpo.domain]]></GPODomainController><BackupTime><![CDATA[2025-10-06T13:03:53]]></BackupTime><ID><![CDATA[{249255A2-DC60-4D2D-B9E3-69DE1EBD8DAD}]]></ID><Comment><![CDATA[]]></Comment><GPODisplayName><![CDATA[EF_User_Touch_Registry-TouchMode]]></GPODisplayName></BackupInst>
