<BackupInst xmlns="http://www.microsoft.com/GroupPolicy/GPOOperations/Manifest"><GPOGuid><![CDATA[{6344FA3C-144F-4C0E-9D53-FD8011D9EB3C}]]></GPOGuid><GPODomain><![CDATA[standard-gpo.domain]]></GPODomain><GPODomainGuid><![CDATA[{15b8ef7f-fd5a-4b30-b1ed-5b31e51e4e12}]]></GPODomainGuid><GPODomainController><![CDATA[PSC-SRV25-ADC1.standard-gpo.domain]]></GPODomainController><BackupTime><![CDATA[2025-10-06T13:03:19]]></BackupTime><ID><![CDATA[{FE53A853-F224-466E-A557-3260FE6D6169}]]></ID><Comment><![CDATA[]]></Comment><GPODisplayName><![CDATA[_!-EF_Computer_Client_EMC_Files_Std-Desktoplink-on-C]]></GPODisplayName></BackupInst>
