<BackupInst xmlns="http://www.microsoft.com/GroupPolicy/GPOOperations/Manifest"><GPOGuid><![CDATA[{0449F944-43D2-45AF-9EB4-C2A8E315CB37}]]></GPOGuid><GPODomain><![CDATA[standard-gpo.domain]]></GPODomain><GPODomainGuid><![CDATA[{15b8ef7f-fd5a-4b30-b1ed-5b31e51e4e12}]]></GPODomainGuid><GPODomainController><![CDATA[PSC-SRV25-ADC1.standard-gpo.domain]]></GPODomainController><BackupTime><![CDATA[2025-10-06T13:03:33]]></BackupTime><ID><![CDATA[{B9FADB11-D2F6-43DD-A771-439C69449D89}]]></ID><Comment><![CDATA[]]></Comment><GPODisplayName><![CDATA[_!-EF_SecurityBaseline_Computer_Global_Securityoption-LocalPolicies-UserRightsAssignment_AllowRDP-EurofunkAdmins]]></GPODisplayName></BackupInst>
