<BackupInst xmlns="http://www.microsoft.com/GroupPolicy/GPOOperations/Manifest"><GPOGuid><![CDATA[{236C2FB1-9E1D-4CA2-9932-C95897441EE7}]]></GPOGuid><GPODomain><![CDATA[standard-gpo.domain]]></GPODomain><GPODomainGuid><![CDATA[{15b8ef7f-fd5a-4b30-b1ed-5b31e51e4e12}]]></GPODomainGuid><GPODomainController><![CDATA[PSC-SRV25-ADC1.standard-gpo.domain]]></GPODomainController><BackupTime><![CDATA[2025-10-06T13:03:58]]></BackupTime><ID><![CDATA[{856F2DE8-E550-4131-A065-6B917A18E5A0}]]></ID><Comment><![CDATA[]]></Comment><GPODisplayName><![CDATA[MS_SecurityBaseline_Computer_Global_System-GroupPolicy]]></GPODisplayName></BackupInst>
