<?xml version="1.0" encoding="utf-8"?><!-- Copyright (c) Microsoft Corporation.  All rights reserved. --><GroupPolicyBackupScheme bkp:version="2.0" bkp:type="GroupPolicyBackupTemplate" xmlns:bkp="http://www.microsoft.com/GroupPolicy/GPOOperations" xmlns="http://www.microsoft.com/GroupPolicy/GPOOperations">
    <GroupPolicyObject><SecurityGroups><Group bkp:Source="FromDACL"><Sid><![CDATA[S-1-5-21-124392980-2450879246-3613746218-519]]></Sid><SamAccountName><![CDATA[Enterprise Admins]]></SamAccountName><Type><![CDATA[UniversalGroup]]></Type><NetBIOSDomainName><![CDATA[STANDARD-GPO]]></NetBIOSDomainName><DnsDomainName><![CDATA[standard-gpo.domain]]></DnsDomainName><UPN><![CDATA[Enterprise Admins@standard-gpo.domain]]></UPN></Group><Group bkp:Source="FromDACL"><Sid><![CDATA[S-1-5-21-124392980-2450879246-3613746218-512]]></Sid><SamAccountName><![CDATA[Domain Admins]]></SamAccountName><Type><![CDATA[GlobalGroup]]></Type><NetBIOSDomainName><![CDATA[STANDARD-GPO]]></NetBIOSDomainName><DnsDomainName><![CDATA[standard-gpo.domain]]></DnsDomainName><UPN><![CDATA[Domain Admins@standard-gpo.domain]]></UPN></Group></SecurityGroups><FilePaths/><GroupPolicyCoreSettings><ID><![CDATA[{F0B61B59-5F57-4550-B71F-43BB76BC8CF9}]]></ID><Domain><![CDATA[standard-gpo.domain]]></Domain><SecurityDescriptor>01 00 04 9c 00 00 00 00 00 00 00 00 00 00 00 00 14 00 00 00 04 00 ec 00 08 00 00 00 05 02 28 00 00 01 00 00 01 00 00 00 8f fd ac ed b3 ff d1 11 b4 1d 00 a0 c9 68 f9 39 01 01 00 00 00 00 00 05 0b 00 00 00 00 00 24 00 ff 00 0f 00 01 05 00 00 00 00 00 05 15 00 00 00 14 16 6a 07 0e 73 15 92 2a 64 65 d7 00 02 00 00 00 02 24 00 ff 00 0f 00 01 05 00 00 00 00 00 05 15 00 00 00 14 16 6a 07 0e 73 15 92 2a 64 65 d7 00 02 00 00 00 02 24 00 ff 00 0f 00 01 05 00 00 00 00 00 05 15 00 00 00 14 16 6a 07 0e 73 15 92 2a 64 65 d7 07 02 00 00 00 02 14 00 94 00 02 00 01 01 00 00 00 00 00 05 09 00 00 00 00 02 14 00 94 00 02 00 01 01 00 00 00 00 00 05 0b 00 00 00 00 02 14 00 ff 00 0f 00 01 01 00 00 00 00 00 05 12 00 00 00 00 0a 14 00 ff 00 0f 00 01 01 00 00 00 00 00 03 00 00 00 00</SecurityDescriptor><DisplayName><![CDATA[TESTING_T-CPR-App-DesktopLink]]></DisplayName><Options><![CDATA[0]]></Options><UserVersionNumber><![CDATA[3407924]]></UserVersionNumber><MachineVersionNumber><![CDATA[1310740]]></MachineVersionNumber><MachineExtensionGuids><![CDATA[ ]]></MachineExtensionGuids><UserExtensionGuids><![CDATA[[{00000000-0000-0000-0000-000000000000}{2EA1A81B-48E5-45E9-8BB7-A6E3AC170006}{3BAE7E51-E3F4-41D0-853D-9BB9FD47605F}{CEFFA6E2-E3BD-421B-852C-6F6A79A59BC1}][{5794DAFD-BE60-433F-88A2-1A31939AC01F}{2EA1A81B-48E5-45E9-8BB7-A6E3AC170006}][{7150F9BF-48AD-4DA4-A49C-29EF4A8369BA}{3BAE7E51-E3F4-41D0-853D-9BB9FD47605F}][{C418DD9D-0D14-4EFB-8FBF-CFE535C8FAC7}{CEFFA6E2-E3BD-421B-852C-6F6A79A59BC1}]]]></UserExtensionGuids><WMIFilter/></GroupPolicyCoreSettings> 
        <GroupPolicyExtension bkp:ID="{35378EAC-683F-11D2-A89A-00C04FBBCFA2}" bkp:DescName="Registry">
            
            
            <FSObjectFile bkp:Path="%GPO_FSPATH%\Adm\*.*" bkp:SourceExpandedPath="\\PSC-SRV25-ADC1.standard-gpo.domain\sysvol\standard-gpo.domain\Policies\{F0B61B59-5F57-4550-B71F-43BB76BC8CF9}\Adm\*.*"/>
        </GroupPolicyExtension>
        
        
        
        
        
        
        
        
        
    <GroupPolicyExtension bkp:ID="{F15C46CD-82A0-4C2D-A210-5D0D3182A418}" bkp:DescName="Unknown Extension"><FSObjectDir bkp:Path="%GPO_MACH_FSPATH%\Preferences" bkp:SourceExpandedPath="\\PSC-SRV25-ADC1.standard-gpo.domain\sysvol\standard-gpo.domain\Policies\{F0B61B59-5F57-4550-B71F-43BB76BC8CF9}\Machine\Preferences" bkp:Location="DomainSysvol\GPO\Machine\Preferences"/><FSObjectDir bkp:Path="%GPO_MACH_FSPATH%\Preferences\Files" bkp:SourceExpandedPath="\\PSC-SRV25-ADC1.standard-gpo.domain\sysvol\standard-gpo.domain\Policies\{F0B61B59-5F57-4550-B71F-43BB76BC8CF9}\Machine\Preferences\Files" bkp:Location="DomainSysvol\GPO\Machine\Preferences\Files"/><FSObjectDir bkp:Path="%GPO_MACH_FSPATH%\Preferences\Shortcuts" bkp:SourceExpandedPath="\\PSC-SRV25-ADC1.standard-gpo.domain\sysvol\standard-gpo.domain\Policies\{F0B61B59-5F57-4550-B71F-43BB76BC8CF9}\Machine\Preferences\Shortcuts" bkp:Location="DomainSysvol\GPO\Machine\Preferences\Shortcuts"/><FSObjectDir bkp:Path="%GPO_MACH_FSPATH%\Scripts" bkp:SourceExpandedPath="\\PSC-SRV25-ADC1.standard-gpo.domain\sysvol\standard-gpo.domain\Policies\{F0B61B59-5F57-4550-B71F-43BB76BC8CF9}\Machine\Scripts" bkp:Location="DomainSysvol\GPO\Machine\Scripts"/><FSObjectDir bkp:Path="%GPO_MACH_FSPATH%\Scripts\Shutdown" bkp:SourceExpandedPath="\\PSC-SRV25-ADC1.standard-gpo.domain\sysvol\standard-gpo.domain\Policies\{F0B61B59-5F57-4550-B71F-43BB76BC8CF9}\Machine\Scripts\Shutdown" bkp:Location="DomainSysvol\GPO\Machine\Scripts\Shutdown"/><FSObjectDir bkp:Path="%GPO_MACH_FSPATH%\Scripts\Startup" bkp:SourceExpandedPath="\\PSC-SRV25-ADC1.standard-gpo.domain\sysvol\standard-gpo.domain\Policies\{F0B61B59-5F57-4550-B71F-43BB76BC8CF9}\Machine\Scripts\Startup" bkp:Location="DomainSysvol\GPO\Machine\Scripts\Startup"/><FSObjectDir bkp:Path="%GPO_USER_FSPATH%\Preferences" bkp:SourceExpandedPath="\\PSC-SRV25-ADC1.standard-gpo.domain\sysvol\standard-gpo.domain\Policies\{F0B61B59-5F57-4550-B71F-43BB76BC8CF9}\User\Preferences" bkp:Location="DomainSysvol\GPO\User\Preferences"/><FSObjectDir bkp:Path="%GPO_USER_FSPATH%\Preferences\Drives" bkp:SourceExpandedPath="\\PSC-SRV25-ADC1.standard-gpo.domain\sysvol\standard-gpo.domain\Policies\{F0B61B59-5F57-4550-B71F-43BB76BC8CF9}\User\Preferences\Drives" bkp:Location="DomainSysvol\GPO\User\Preferences\Drives"/><FSObjectFile bkp:Path="%GPO_USER_FSPATH%\Preferences\Drives\Drives.xml" bkp:SourceExpandedPath="\\PSC-SRV25-ADC1.standard-gpo.domain\sysvol\standard-gpo.domain\Policies\{F0B61B59-5F57-4550-B71F-43BB76BC8CF9}\User\Preferences\Drives\Drives.xml" bkp:Location="DomainSysvol\GPO\User\Preferences\Drives\Drives.xml"/><FSObjectDir bkp:Path="%GPO_USER_FSPATH%\Preferences\Files" bkp:SourceExpandedPath="\\PSC-SRV25-ADC1.standard-gpo.domain\sysvol\standard-gpo.domain\Policies\{F0B61B59-5F57-4550-B71F-43BB76BC8CF9}\User\Preferences\Files" bkp:Location="DomainSysvol\GPO\User\Preferences\Files"/><FSObjectFile bkp:Path="%GPO_USER_FSPATH%\Preferences\Files\Files.xml" bkp:SourceExpandedPath="\\PSC-SRV25-ADC1.standard-gpo.domain\sysvol\standard-gpo.domain\Policies\{F0B61B59-5F57-4550-B71F-43BB76BC8CF9}\User\Preferences\Files\Files.xml" bkp:Location="DomainSysvol\GPO\User\Preferences\Files\Files.xml"/><FSObjectDir bkp:Path="%GPO_USER_FSPATH%\Preferences\Shortcuts" bkp:SourceExpandedPath="\\PSC-SRV25-ADC1.standard-gpo.domain\sysvol\standard-gpo.domain\Policies\{F0B61B59-5F57-4550-B71F-43BB76BC8CF9}\User\Preferences\Shortcuts" bkp:Location="DomainSysvol\GPO\User\Preferences\Shortcuts"/><FSObjectFile bkp:Path="%GPO_USER_FSPATH%\Preferences\Shortcuts\Shortcuts.xml" bkp:SourceExpandedPath="\\PSC-SRV25-ADC1.standard-gpo.domain\sysvol\standard-gpo.domain\Policies\{F0B61B59-5F57-4550-B71F-43BB76BC8CF9}\User\Preferences\Shortcuts\Shortcuts.xml" bkp:Location="DomainSysvol\GPO\User\Preferences\Shortcuts\Shortcuts.xml"/></GroupPolicyExtension></GroupPolicyObject>
</GroupPolicyBackupScheme>