<BackupInst xmlns="http://www.microsoft.com/GroupPolicy/GPOOperations/Manifest"><GPOGuid><![CDATA[{F0B61B59-5F57-4550-B71F-43BB76BC8CF9}]]></GPOGuid><GPODomain><![CDATA[standard-gpo.domain]]></GPODomain><GPODomainGuid><![CDATA[{15b8ef7f-fd5a-4b30-b1ed-5b31e51e4e12}]]></GPODomainGuid><GPODomainController><![CDATA[PSC-SRV25-ADC1.standard-gpo.domain]]></GPODomainController><BackupTime><![CDATA[2025-10-06T13:04:13]]></BackupTime><ID><![CDATA[{5482101C-D1CA-4B95-9244-772535C6876F}]]></ID><Comment><![CDATA[]]></Comment><GPODisplayName><![CDATA[TESTING_T-CPR-App-DesktopLink]]></GPODisplayName></BackupInst>
