<BackupInst xmlns="http://www.microsoft.com/GroupPolicy/GPOOperations/Manifest"><GPOGuid><![CDATA[{6F5A4523-C59F-4503-A235-8419FE262D44}]]></GPOGuid><GPODomain><![CDATA[standard-gpo.domain]]></GPODomain><GPODomainGuid><![CDATA[{15b8ef7f-fd5a-4b30-b1ed-5b31e51e4e12}]]></GPODomainGuid><GPODomainController><![CDATA[PSC-SRV25-ADC1.standard-gpo.domain]]></GPODomainController><BackupTime><![CDATA[2025-10-06T13:04:12]]></BackupTime><ID><![CDATA[{7B32DA02-4B64-4212-9EE5-3F98F4265012}]]></ID><Comment><![CDATA[]]></Comment><GPODisplayName><![CDATA[TESTING_EF_Computer_Client-Server-DC_WinComponents-MSDefenderAntiVir_CompleteOn]]></GPODisplayName></BackupInst>
