<BackupInst xmlns="http://www.microsoft.com/GroupPolicy/GPOOperations/Manifest"><GPOGuid><![CDATA[{70F01FB1-A47A-4916-B8A8-EBC4C30970A3}]]></GPOGuid><GPODomain><![CDATA[standard-gpo.domain]]></GPODomain><GPODomainGuid><![CDATA[{15b8ef7f-fd5a-4b30-b1ed-5b31e51e4e12}]]></GPODomainGuid><GPODomainController><![CDATA[PSC-SRV25-ADC1.standard-gpo.domain]]></GPODomainController><BackupTime><![CDATA[2025-10-06T13:03:51]]></BackupTime><ID><![CDATA[{C31619F5-7F89-478E-8413-793FE7A159E9}]]></ID><Comment><![CDATA[]]></Comment><GPODisplayName><![CDATA[EF_User_Admin_ControlPanel-Personalization_SetScreensaver]]></GPODisplayName></BackupInst>
