<BackupInst xmlns="http://www.microsoft.com/GroupPolicy/GPOOperations/Manifest"><GPOGuid><![CDATA[{40AF44BB-5E80-4844-9569-76CD578B404E}]]></GPOGuid><GPODomain><![CDATA[standard-gpo.domain]]></GPODomain><GPODomainGuid><![CDATA[{15b8ef7f-fd5a-4b30-b1ed-5b31e51e4e12}]]></GPODomainGuid><GPODomainController><![CDATA[PSC-SRV25-ADC1.standard-gpo.domain]]></GPODomainController><BackupTime><![CDATA[2025-10-06T13:04:09]]></BackupTime><ID><![CDATA[{7D1A45FB-18B9-4C26-8DB8-335B5BCC049D}]]></ID><Comment><![CDATA[]]></Comment><GPODisplayName><![CDATA[TESTING_!-EF_Computer_Global_Sicherheitsoption-AppCtrl_AppLocker]]></GPODisplayName></BackupInst>
