<?xml version="1.0" encoding="utf-8"?>
<RegistrySettings clsid="{A3CCFC41-DFDB-43a5-8D26-0FE8B954DA51}"><Registry clsid="{9CD4B2F4-923D-47f5-A062-E897DD1DAD50}" name="SearchboxTaskbarMode" status="SearchboxTaskbarMode" image="12" changed="2023-06-23 07:14:30" uid="{18B78001-0CEE-437D-A375-D2EC3B59039F}"><Properties action="U" displayDecimal="1" default="0" hive="HKEY_CURRENT_USER" key="Software\Microsoft\Windows\CurrentVersion\Search" name="SearchboxTaskbarMode" type="REG_DWORD" value="00000000"/></Registry>
	<Registry clsid="{9CD4B2F4-923D-47f5-A062-E897DD1DAD50}" name="ShowTaskViewButton" status="ShowTaskViewButton" image="12" changed="2023-06-23 07:14:55" uid="{E58E6374-863D-4100-BFE7-AECBFDFDD89E}"><Properties action="U" displayDecimal="1" default="0" hive="HKEY_CURRENT_USER" key="Software\Microsoft\Windows\CurrentVersion\Explorer\Advanced" name="ShowTaskViewButton" type="REG_DWORD" value="00000000"/></Registry>
	<Registry clsid="{9CD4B2F4-923D-47f5-A062-E897DD1DAD50}" name="TabletMode" status="TabletMode" image="12" changed="2023-06-23 07:15:20" uid="{A822887C-9DC0-4B34-8EA7-8A1017E3CF5C}"><Properties action="U" displayDecimal="1" default="0" hive="HKEY_CURRENT_USER" key="Software\Microsoft\Windows\CurrentVersion\ImmersiveShell" name="TabletMode" type="REG_DWORD" value="00000000"/></Registry>
</RegistrySettings>
