<BackupInst xmlns="http://www.microsoft.com/GroupPolicy/GPOOperations/Manifest"><GPOGuid><![CDATA[{6F3A6E47-490D-4771-A3AF-50B0D5F7D499}]]></GPOGuid><GPODomain><![CDATA[standard-gpo.domain]]></GPODomain><GPODomainGuid><![CDATA[{15b8ef7f-fd5a-4b30-b1ed-5b31e51e4e12}]]></GPODomainGuid><GPODomainController><![CDATA[PSC-SRV25-ADC1.standard-gpo.domain]]></GPODomainController><BackupTime><![CDATA[2025-10-06T13:03:47]]></BackupTime><ID><![CDATA[{A2ED8ADA-ABCC-4D77-8774-C96039AB3737}]]></ID><Comment><![CDATA[]]></Comment><GPODisplayName><![CDATA[EF_SecurityBaseline_User_Dispo_WinComponents-Search]]></GPODisplayName></BackupInst>
