<BackupInst xmlns="http://www.microsoft.com/GroupPolicy/GPOOperations/Manifest"><GPOGuid><![CDATA[{4BD72112-0AEB-47AC-B4C3-688EFFFB11E4}]]></GPOGuid><GPODomain><![CDATA[standard-gpo.domain]]></GPODomain><GPODomainGuid><![CDATA[{15b8ef7f-fd5a-4b30-b1ed-5b31e51e4e12}]]></GPODomainGuid><GPODomainController><![CDATA[PSC-SRV25-ADC1.standard-gpo.domain]]></GPODomainController><BackupTime><![CDATA[2025-10-06T13:03:34]]></BackupTime><ID><![CDATA[{54EB5542-C79A-4F39-A00A-3A8145CBC405}]]></ID><Comment><![CDATA[]]></Comment><GPODisplayName><![CDATA[_!-EF_SecurityBaseline_Computer_Global_WinComponent-WinRM]]></GPODisplayName></BackupInst>
