<BackupInst xmlns="http://www.microsoft.com/GroupPolicy/GPOOperations/Manifest"><GPOGuid><![CDATA[{154B1493-20DD-4292-AF94-0F378EEFD7A6}]]></GPOGuid><GPODomain><![CDATA[standard-gpo.domain]]></GPODomain><GPODomainGuid><![CDATA[{15b8ef7f-fd5a-4b30-b1ed-5b31e51e4e12}]]></GPODomainGuid><GPODomainController><![CDATA[PSC-SRV25-ADC1.standard-gpo.domain]]></GPODomainController><BackupTime><![CDATA[2025-10-06T13:03:48]]></BackupTime><ID><![CDATA[{DAF5F960-CE65-4119-B72F-887A62634CFC}]]></ID><Comment><![CDATA[]]></Comment><GPODisplayName><![CDATA[EF_SecurityBaseline_User_DomainUser_Desktop]]></GPODisplayName></BackupInst>
