<BackupInst xmlns="http://www.microsoft.com/GroupPolicy/GPOOperations/Manifest"><GPOGuid><![CDATA[{3A45F1E7-BE3A-41C5-8D1C-685C9DE5F9D2}]]></GPOGuid><GPODomain><![CDATA[standard-gpo.domain]]></GPODomain><GPODomainGuid><![CDATA[{15b8ef7f-fd5a-4b30-b1ed-5b31e51e4e12}]]></GPODomainGuid><GPODomainController><![CDATA[PSC-SRV25-ADC1.standard-gpo.domain]]></GPODomainController><BackupTime><![CDATA[2025-10-06T13:03:53]]></BackupTime><ID><![CDATA[{36BEF6FC-11C7-44B0-9C9D-8DB576756B6B}]]></ID><Comment><![CDATA[]]></Comment><GPODisplayName><![CDATA[EF_User_Touch_Registry-Scrollbar]]></GPODisplayName></BackupInst>
