<BackupInst xmlns="http://www.microsoft.com/GroupPolicy/GPOOperations/Manifest"><GPOGuid><![CDATA[{37D592AB-3D03-4657-BC6A-44D14FC53DB0}]]></GPOGuid><GPODomain><![CDATA[standard-gpo.domain]]></GPODomain><GPODomainGuid><![CDATA[{15b8ef7f-fd5a-4b30-b1ed-5b31e51e4e12}]]></GPODomainGuid><GPODomainController><![CDATA[PSC-SRV25-ADC1.standard-gpo.domain]]></GPODomainController><BackupTime><![CDATA[2025-10-06T13:04:03]]></BackupTime><ID><![CDATA[{8A1FB988-5960-43A7-B183-44F11D672683}]]></ID><Comment><![CDATA[]]></Comment><GPODisplayName><![CDATA[OBSOLETE_OPT-EF_Computer_Client_Registry_UpdateStartmenuFolder]]></GPODisplayName></BackupInst>
