<BackupInst xmlns="http://www.microsoft.com/GroupPolicy/GPOOperations/Manifest"><GPOGuid><![CDATA[{9A8847DF-AB94-413C-8B97-3F924367AC0F}]]></GPOGuid><GPODomain><![CDATA[standard-gpo.domain]]></GPODomain><GPODomainGuid><![CDATA[{15b8ef7f-fd5a-4b30-b1ed-5b31e51e4e12}]]></GPODomainGuid><GPODomainController><![CDATA[PSC-SRV25-ADC1.standard-gpo.domain]]></GPODomainController><BackupTime><![CDATA[2025-10-06T13:03:39]]></BackupTime><ID><![CDATA[{FBB53A6B-0E76-4F3B-B516-D669A2C7FE9E}]]></ID><Comment><![CDATA[]]></Comment><GPODisplayName><![CDATA[EF_Computer_Global_Securityoption-PublicKeyPolicies-TrustedRootCAs]]></GPODisplayName></BackupInst>
