<BackupInst xmlns="http://www.microsoft.com/GroupPolicy/GPOOperations/Manifest"><GPOGuid><![CDATA[{7ECACED7-AF64-4662-801C-2D233AD91514}]]></GPOGuid><GPODomain><![CDATA[standard-gpo.domain]]></GPODomain><GPODomainGuid><![CDATA[{15b8ef7f-fd5a-4b30-b1ed-5b31e51e4e12}]]></GPODomainGuid><GPODomainController><![CDATA[PSC-SRV25-ADC1.standard-gpo.domain]]></GPODomainController><BackupTime><![CDATA[2025-10-06T13:04:11]]></BackupTime><ID><![CDATA[{8960AE1D-B383-4DFB-967A-FF604078431F}]]></ID><Comment><![CDATA[]]></Comment><GPODisplayName><![CDATA[TESTING_!-OPT-EF_Computer_Global_CheckMK_Agent-Registration]]></GPODisplayName></BackupInst>
