<BackupInst xmlns="http://www.microsoft.com/GroupPolicy/GPOOperations/Manifest"><GPOGuid><![CDATA[{45E0EA37-221B-49D6-9044-9EA70AE58F09}]]></GPOGuid><GPODomain><![CDATA[standard-gpo.domain]]></GPODomain><GPODomainGuid><![CDATA[{15b8ef7f-fd5a-4b30-b1ed-5b31e51e4e12}]]></GPODomainGuid><GPODomainController><![CDATA[PSC-SRV25-ADC1.standard-gpo.domain]]></GPODomainController><BackupTime><![CDATA[2025-10-06T13:03:59]]></BackupTime><ID><![CDATA[{BC96BFEB-299F-4F96-8499-3C172343FE96}]]></ID><Comment><![CDATA[]]></Comment><GPODisplayName><![CDATA[MS_SecurityBaseline_Computer_Global_WinComponents-Biometrics-FacialFeatures]]></GPODisplayName></BackupInst>
