<BackupInst xmlns="http://www.microsoft.com/GroupPolicy/GPOOperations/Manifest"><GPOGuid><![CDATA[{88EB9E1A-B249-411C-B888-C579B6B75508}]]></GPOGuid><GPODomain><![CDATA[standard-gpo.domain]]></GPODomain><GPODomainGuid><![CDATA[{15b8ef7f-fd5a-4b30-b1ed-5b31e51e4e12}]]></GPODomainGuid><GPODomainController><![CDATA[PSC-SRV25-ADC1.standard-gpo.domain]]></GPODomainController><BackupTime><![CDATA[2025-10-06T13:03:52]]></BackupTime><ID><![CDATA[{319CA307-42C3-4380-89AB-8855AA428B9E}]]></ID><Comment><![CDATA[]]></Comment><GPODisplayName><![CDATA[EF_User_DomainUser_SetDisplayScaling-100]]></GPODisplayName></BackupInst>
