<?xml version="1.0" encoding="utf-8"?><!-- Copyright (c) Microsoft Corporation.  All rights reserved. --><GroupPolicyBackupScheme bkp:version="2.0" bkp:type="GroupPolicyBackupTemplate" xmlns:bkp="http://www.microsoft.com/GroupPolicy/GPOOperations" xmlns="http://www.microsoft.com/GroupPolicy/GPOOperations">
    <GroupPolicyObject><SecurityGroups><Group bkp:Source="FromDACL"><Sid><![CDATA[S-1-5-21-124392980-2450879246-3613746218-519]]></Sid><SamAccountName><![CDATA[Enterprise Admins]]></SamAccountName><Type><![CDATA[UniversalGroup]]></Type><NetBIOSDomainName><![CDATA[STANDARD-GPO]]></NetBIOSDomainName><DnsDomainName><![CDATA[standard-gpo.domain]]></DnsDomainName><UPN><![CDATA[Enterprise Admins@standard-gpo.domain]]></UPN></Group><Group bkp:Source="FromDACL"><Sid><![CDATA[S-1-5-21-124392980-2450879246-3613746218-512]]></Sid><SamAccountName><![CDATA[Domain Admins]]></SamAccountName><Type><![CDATA[GlobalGroup]]></Type><NetBIOSDomainName><![CDATA[STANDARD-GPO]]></NetBIOSDomainName><DnsDomainName><![CDATA[standard-gpo.domain]]></DnsDomainName><UPN><![CDATA[Domain Admins@standard-gpo.domain]]></UPN></Group></SecurityGroups><FilePaths/><GroupPolicyCoreSettings><ID><![CDATA[{7444750A-68BE-4BB7-8390-E1738724E697}]]></ID><Domain><![CDATA[standard-gpo.domain]]></Domain><SecurityDescriptor>01 00 04 9c 00 00 00 00 00 00 00 00 00 00 00 00 14 00 00 00 04 00 ec 00 08 00 00 00 05 02 28 00 00 01 00 00 01 00 00 00 8f fd ac ed b3 ff d1 11 b4 1d 00 a0 c9 68 f9 39 01 01 00 00 00 00 00 05 0b 00 00 00 00 00 24 00 ff 00 0f 00 01 05 00 00 00 00 00 05 15 00 00 00 14 16 6a 07 0e 73 15 92 2a 64 65 d7 00 02 00 00 00 02 24 00 ff 00 0f 00 01 05 00 00 00 00 00 05 15 00 00 00 14 16 6a 07 0e 73 15 92 2a 64 65 d7 00 02 00 00 00 02 24 00 ff 00 0f 00 01 05 00 00 00 00 00 05 15 00 00 00 14 16 6a 07 0e 73 15 92 2a 64 65 d7 07 02 00 00 00 02 14 00 94 00 02 00 01 01 00 00 00 00 00 05 09 00 00 00 00 02 14 00 94 00 02 00 01 01 00 00 00 00 00 05 0b 00 00 00 00 02 14 00 ff 00 0f 00 01 01 00 00 00 00 00 05 12 00 00 00 00 0a 14 00 ff 00 0f 00 01 01 00 00 00 00 00 03 00 00 00 00</SecurityDescriptor><DisplayName><![CDATA[OPT_MS_SecurityBaseline_Computer_Global_System-DeviceInstallationRestriction]]></DisplayName><Options><![CDATA[0]]></Options><UserVersionNumber><![CDATA[0]]></UserVersionNumber><MachineVersionNumber><![CDATA[65537]]></MachineVersionNumber><MachineExtensionGuids><![CDATA[[{35378EAC-683F-11D2-A89A-00C04FBBCFA2}{D02B1F72-3407-48AE-BA88-E8213C6761F1}]]]></MachineExtensionGuids><UserExtensionGuids/><WMIFilter/></GroupPolicyCoreSettings> 
        <GroupPolicyExtension bkp:ID="{35378EAC-683F-11D2-A89A-00C04FBBCFA2}" bkp:DescName="Registry">
            <FSObjectFile bkp:Path="%GPO_MACH_FSPATH%\registry.pol" bkp:SourceExpandedPath="\\PSC-SRV25-ADC1.standard-gpo.domain\sysvol\standard-gpo.domain\Policies\{7444750A-68BE-4BB7-8390-E1738724E697}\Machine\registry.pol" bkp:Location="DomainSysvol\GPO\Machine\registry.pol"/>
            
            <FSObjectFile bkp:Path="%GPO_FSPATH%\Adm\*.*" bkp:SourceExpandedPath="\\PSC-SRV25-ADC1.standard-gpo.domain\sysvol\standard-gpo.domain\Policies\{7444750A-68BE-4BB7-8390-E1738724E697}\Adm\*.*"/>
        </GroupPolicyExtension>
        
        
        
        
        
        
        
        
        
    <GroupPolicyExtension bkp:ID="{F15C46CD-82A0-4C2D-A210-5D0D3182A418}" bkp:DescName="Unknown Extension"><FSObjectFile bkp:Path="%GPO_FSPATH%\GPO.cmt" bkp:SourceExpandedPath="\\PSC-SRV25-ADC1.standard-gpo.domain\sysvol\standard-gpo.domain\Policies\{7444750A-68BE-4BB7-8390-E1738724E697}\GPO.cmt" bkp:Location="DomainSysvol\GPO\GPO.cmt"/><FSObjectFile bkp:Path="%GPO_MACH_FSPATH%\comment.cmtx" bkp:SourceExpandedPath="\\PSC-SRV25-ADC1.standard-gpo.domain\sysvol\standard-gpo.domain\Policies\{7444750A-68BE-4BB7-8390-E1738724E697}\Machine\comment.cmtx" bkp:Location="DomainSysvol\GPO\Machine\comment.cmtx"/><FSObjectDir bkp:Path="%GPO_MACH_FSPATH%\Scripts" bkp:SourceExpandedPath="\\PSC-SRV25-ADC1.standard-gpo.domain\sysvol\standard-gpo.domain\Policies\{7444750A-68BE-4BB7-8390-E1738724E697}\Machine\Scripts" bkp:Location="DomainSysvol\GPO\Machine\Scripts"/><FSObjectDir bkp:Path="%GPO_MACH_FSPATH%\Scripts\Shutdown" bkp:SourceExpandedPath="\\PSC-SRV25-ADC1.standard-gpo.domain\sysvol\standard-gpo.domain\Policies\{7444750A-68BE-4BB7-8390-E1738724E697}\Machine\Scripts\Shutdown" bkp:Location="DomainSysvol\GPO\Machine\Scripts\Shutdown"/><FSObjectDir bkp:Path="%GPO_MACH_FSPATH%\Scripts\Startup" bkp:SourceExpandedPath="\\PSC-SRV25-ADC1.standard-gpo.domain\sysvol\standard-gpo.domain\Policies\{7444750A-68BE-4BB7-8390-E1738724E697}\Machine\Scripts\Startup" bkp:Location="DomainSysvol\GPO\Machine\Scripts\Startup"/></GroupPolicyExtension></GroupPolicyObject>
</GroupPolicyBackupScheme>