<BackupInst xmlns="http://www.microsoft.com/GroupPolicy/GPOOperations/Manifest"><GPOGuid><![CDATA[{7444750A-68BE-4BB7-8390-E1738724E697}]]></GPOGuid><GPODomain><![CDATA[standard-gpo.domain]]></GPODomain><GPODomainGuid><![CDATA[{15b8ef7f-fd5a-4b30-b1ed-5b31e51e4e12}]]></GPODomainGuid><GPODomainController><![CDATA[PSC-SRV25-ADC1.standard-gpo.domain]]></GPODomainController><BackupTime><![CDATA[2025-10-06T13:04:04]]></BackupTime><ID><![CDATA[{94752927-F29D-48BC-9560-F38BE574A17D}]]></ID><Comment><![CDATA[]]></Comment><GPODisplayName><![CDATA[OPT_MS_SecurityBaseline_Computer_Global_System-DeviceInstallationRestriction]]></GPODisplayName></BackupInst>
