<?xml version="1.0" encoding="utf-8"?>
<Groups clsid="{3125E937-EB16-4b4c-9934-544FC6D24D26}"><Group clsid="{6D4A79E4-529C-4481-ABD0-F5BD7EA93BA7}" name="Administratoren (integriert)" image="2" changed="2024-12-03 10:04:40" uid="{1FFF58A9-2E3C-4FCD-AD67-719BE2504FFE}"><Properties action="U" newName="" description="" deleteAllUsers="0" deleteAllGroups="0" removeAccounts="0" groupSid="S-1-5-32-544" groupName="Administratoren (integriert)"><Members><Member name="STANDARD-GPO\Eurofunk-Admins" action="ADD" sid="S-1-5-21-124392980-2450879246-3613746218-1117"/></Members></Properties></Group>
	<Group clsid="{6D4A79E4-529C-4481-ABD0-F5BD7EA93BA7}" name="Administrators (built-in)" image="2" changed="2024-12-13 15:01:27" uid="{9C594FE7-C9C4-4B2B-A519-6D5C06C8D0BC}"><Properties action="U" newName="" description="" deleteAllUsers="0" deleteAllGroups="0" removeAccounts="0" groupSid="S-1-5-32-544" groupName="Administrators (built-in)"><Members><Member name="STANDARD-GPO\Eurofunk-Admins" action="ADD" sid="S-1-5-21-124392980-2450879246-3613746218-1117"/></Members></Properties></Group>
</Groups>
