<BackupInst xmlns="http://www.microsoft.com/GroupPolicy/GPOOperations/Manifest"><GPOGuid><![CDATA[{6AC1786C-016F-11D2-945F-00C04fB984F9}]]></GPOGuid><GPODomain><![CDATA[standard-gpo.domain]]></GPODomain><GPODomainGuid><![CDATA[{15b8ef7f-fd5a-4b30-b1ed-5b31e51e4e12}]]></GPODomainGuid><GPODomainController><![CDATA[PSC-SRV25-ADC1.standard-gpo.domain]]></GPODomainController><BackupTime><![CDATA[2025-10-06T13:03:36]]></BackupTime><ID><![CDATA[{884B407F-04EB-40E3-A3E7-6D9ADDAE4004}]]></ID><Comment><![CDATA[]]></Comment><GPODisplayName><![CDATA[Default Domain Controllers Policy]]></GPODisplayName></BackupInst>
