<?xml version="1.0" encoding="utf-8"?>
<Files clsid="{215B2E53-57CE-475c-80FE-9EEC14635851}"><File clsid="{50BE44C8-567A-4ed1-B1D0-9234FE1F38AF}" name="4 - Control Panel.lnk" status="4 - Control Panel.lnk" image="3" changed="2024-12-23 07:53:09" uid="{FFEF20C3-563D-4173-AF19-EC835AA6F1BF}" bypassErrors="1"><Properties action="D" targetPath="%localappdata%\Microsoft\Windows\WinX\Group2\4 - Control Panel.lnk" readOnly="0" archive="1" hidden="0" suppress="0"/><Filters/></File>
	<File clsid="{50BE44C8-567A-4ed1-B1D0-9234FE1F38AF}" name="5 - Task Manager.lnk" status="5 - Task Manager.lnk" image="3" changed="2024-12-23 07:53:13" uid="{9E6C1F89-4157-4AD9-B8E4-E020795E4652}" bypassErrors="1"><Properties action="D" targetPath="%localappdata%\Microsoft\Windows\WinX\Group2\5 - Task Manager.lnk" readOnly="0" archive="1" hidden="0" suppress="0"/><Filters/></File>
	<File clsid="{50BE44C8-567A-4ed1-B1D0-9234FE1F38AF}" name="1 - Run.lnk" status="1 - Run.lnk" image="3" changed="2024-12-23 07:53:17" uid="{E8EB2AF2-574C-45B1-895A-B87631D2EC09}" bypassErrors="1"><Properties action="D" targetPath="%localappdata%\Microsoft\Windows\WinX\Group2\1 - Run.lnk" readOnly="0" archive="1" hidden="0" suppress="0"/><Filters/></File>
	<File clsid="{50BE44C8-567A-4ed1-B1D0-9234FE1F38AF}" name="2 - Search.lnk" status="2 - Search.lnk" image="3" changed="2024-12-23 07:53:20" uid="{E9B81F97-94C1-4595-AA62-ACA2A50FD803}" bypassErrors="1"><Properties action="D" targetPath="%localappdata%\Microsoft\Windows\WinX\Group2\2 - Search.lnk" readOnly="0" archive="1" hidden="0" suppress="0"/><Filters/></File>
	<File clsid="{50BE44C8-567A-4ed1-B1D0-9234FE1F38AF}" name="03 - Computer Management.lnk" status="03 - Computer Management.lnk" image="3" changed="2024-12-23 07:53:24" uid="{88CA7545-11E8-4AD9-B252-C542A2154F8B}" bypassErrors="1"><Properties action="D" targetPath="%localappdata%\Microsoft\Windows\WinX\Group3\03 - Computer Management.lnk" readOnly="0" archive="1" hidden="0" suppress="0"/><Filters/></File>
	<File clsid="{50BE44C8-567A-4ed1-B1D0-9234FE1F38AF}" name="04 - Disk Management.lnk" status="04 - Disk Management.lnk" image="3" changed="2024-12-23 07:53:28" uid="{FE67BB47-86B7-4F95-B0C5-894E412EF523}" bypassErrors="1"><Properties action="D" targetPath="%localappdata%\Microsoft\Windows\WinX\Group3\04 - Disk Management.lnk" readOnly="0" archive="1" hidden="0" suppress="0"/><Filters/></File>
	<File clsid="{50BE44C8-567A-4ed1-B1D0-9234FE1F38AF}" name="01 - Command Prompt.lnk" status="01 - Command Prompt.lnk" image="3" changed="2024-12-23 07:53:31" uid="{0673DB42-31B1-4DA4-8C44-6706A4C6A80D}" bypassErrors="1"><Properties action="D" targetPath="%localappdata%\Microsoft\Windows\WinX\Group3\01 - Command Prompt.lnk" readOnly="0" archive="1" hidden="0" suppress="0"/><Filters/></File>
	<File clsid="{50BE44C8-567A-4ed1-B1D0-9234FE1F38AF}" name="02 - Command Prompt.lnk" status="02 - Command Prompt.lnk" image="3" changed="2024-12-23 07:53:35" uid="{1B3E1545-6116-4E95-B539-DEB9646AE90B}" bypassErrors="1"><Properties action="D" targetPath="%localappdata%\Microsoft\Windows\WinX\Group3\02 - Command Prompt.lnk" readOnly="0" archive="1" hidden="0" suppress="0"/><Filters/></File>
	<File clsid="{50BE44C8-567A-4ed1-B1D0-9234FE1F38AF}" name="08 - PowerAndSleep.lnk" status="08 - PowerAndSleep.lnk" image="3" changed="2024-12-23 07:53:39" uid="{BAD2BBE3-7A9D-4702-9869-A234B63450A8}" bypassErrors="1"><Properties action="D" targetPath="%localappdata%\Microsoft\Windows\WinX\Group3\08 - PowerAndSleep.lnk" readOnly="0" archive="1" hidden="0" suppress="0"/><Filters/></File>
	<File clsid="{50BE44C8-567A-4ed1-B1D0-9234FE1F38AF}" name="05 - Device Manager.lnk" status="05 - Device Manager.lnk" image="3" changed="2024-12-23 07:53:43" uid="{D40BDA93-E36D-4B1C-9B81-6735E1241920}" bypassErrors="1"><Properties action="D" targetPath="%localappdata%\Microsoft\Windows\WinX\Group3\05 - Device Manager.lnk" readOnly="0" archive="1" hidden="0" suppress="0"/><Filters/></File>
	<File clsid="{50BE44C8-567A-4ed1-B1D0-9234FE1F38AF}" name="04-1 - NetworkStatus.lnk" status="04-1 - NetworkStatus.lnk" image="3" changed="2024-12-23 07:53:47" uid="{D111E379-99C5-423C-A1AF-1921F40C4926}" bypassErrors="1"><Properties action="D" targetPath="%localappdata%\Microsoft\Windows\WinX\Group3\04-1 - NetworkStatus.lnk" readOnly="0" archive="1" hidden="0" suppress="0"/><Filters/></File>
	<File clsid="{50BE44C8-567A-4ed1-B1D0-9234FE1F38AF}" name="10 - AppsAndFeatures.lnk" status="10 - AppsAndFeatures.lnk" image="3" changed="2024-12-23 07:53:51" uid="{3D71B32B-BE60-4A38-8BAE-9909C983C4A8}" bypassErrors="1"><Properties action="D" targetPath="%localappdata%\Microsoft\Windows\WinX\Group3\10 - AppsAndFeatures.lnk" readOnly="0" archive="1" hidden="0" suppress="0"/><Filters/></File>
	<File clsid="{50BE44C8-567A-4ed1-B1D0-9234FE1F38AF}" name="06 - SystemAbout.lnk" status="06 - SystemAbout.lnk" image="3" changed="2024-12-23 07:53:54" uid="{CC16EF38-0D46-4BF4-B0C4-D777D85D157A}" bypassErrors="1"><Properties action="D" targetPath="%localappdata%\Microsoft\Windows\WinX\Group3\06 - SystemAbout.lnk" readOnly="0" archive="1" hidden="0" suppress="0"/><Filters/></File>
	<File clsid="{50BE44C8-567A-4ed1-B1D0-9234FE1F38AF}" name="01a - Windows PowerShell.lnk" status="01a - Windows PowerShell.lnk" image="3" changed="2024-12-23 07:53:57" uid="{8DCC9E25-F599-4FED-A6CB-7D02D4894074}" bypassErrors="1"><Properties action="D" targetPath="%localappdata%\Microsoft\Windows\WinX\Group3\01a - Windows PowerShell.lnk" readOnly="0" archive="1" hidden="0" suppress="0"/><Filters/></File>
	<File clsid="{50BE44C8-567A-4ed1-B1D0-9234FE1F38AF}" name="02a - Windows PowerShell.lnk" status="02a - Windows PowerShell.lnk" image="3" changed="2024-12-23 07:54:01" uid="{734C42A5-6F81-4BD1-9992-8BC28154992E}" bypassErrors="1"><Properties action="D" targetPath="%localappdata%\Microsoft\Windows\WinX\Group3\02a - Windows PowerShell.lnk" readOnly="0" archive="1" hidden="0" suppress="0"/><Filters/></File>
	<File clsid="{50BE44C8-567A-4ed1-B1D0-9234FE1F38AF}" name="09 - Mobility Center.lnk" status="09 - Mobility Center.lnk" image="3" changed="2024-12-23 07:54:04" uid="{C8807D98-E304-47DD-B89D-7E84803617B4}" bypassErrors="1"><Properties action="D" targetPath="%localappdata%\Microsoft\Windows\WinX\Group3\09 - Mobility Center.lnk" readOnly="0" archive="1" hidden="0" suppress="0"/><Filters/></File>
</Files>
