<BackupInst xmlns="http://www.microsoft.com/GroupPolicy/GPOOperations/Manifest"><GPOGuid><![CDATA[{DF290ED7-FE79-4432-B369-E128A2BD650E}]]></GPOGuid><GPODomain><![CDATA[standard-gpo.domain]]></GPODomain><GPODomainGuid><![CDATA[{15b8ef7f-fd5a-4b30-b1ed-5b31e51e4e12}]]></GPODomainGuid><GPODomainController><![CDATA[PSC-SRV25-ADC1.standard-gpo.domain]]></GPODomainController><BackupTime><![CDATA[2025-10-06T13:03:34]]></BackupTime><ID><![CDATA[{5046ABE3-9BC4-4B6B-8434-B8372D0FB7D5}]]></ID><Comment><![CDATA[]]></Comment><GPODisplayName><![CDATA[_!-EF_User_Dispo_ControlPanelSettings-Printers]]></GPODisplayName></BackupInst>
