<BackupInst xmlns="http://www.microsoft.com/GroupPolicy/GPOOperations/Manifest"><GPOGuid><![CDATA[{DEE63E5D-4721-410F-957C-B9E47A833EA7}]]></GPOGuid><GPODomain><![CDATA[standard-gpo.domain]]></GPODomain><GPODomainGuid><![CDATA[{15b8ef7f-fd5a-4b30-b1ed-5b31e51e4e12}]]></GPODomainGuid><GPODomainController><![CDATA[PSC-SRV25-ADC1.standard-gpo.domain]]></GPODomainController><BackupTime><![CDATA[2025-10-06T13:04:08]]></BackupTime><ID><![CDATA[{E6823602-732A-4C84-95A8-7A83ADAC4E12}]]></ID><Comment><![CDATA[]]></Comment><GPODisplayName><![CDATA[OPT-EF_User_EF-Admin_Shortcuts]]></GPODisplayName></BackupInst>
