<?xml version="1.0" encoding="utf-8"?>
<Shortcuts clsid="{872ECB34-B2EC-401b-A585-D32574AA90EE}"><Shortcut clsid="{4F2F7C55-2790-433e-8127-0739D1CFA327}" name="Remotedesktop" status="Remotedesktop" image="2" userContext="1" bypassErrors="1" changed="2024-12-16 12:17:12" uid="{137483D2-520D-4236-9FE3-74E71004B659}"><Properties pidl="" targetType="FILESYSTEM" action="U" comment="" shortcutKey="0" startIn="C:\Windows\System32\" arguments="" iconIndex="0" targetPath="C:\Windows\System32\mstsc.exe" iconPath="" window="" shortcutPath="%DesktopDir%\Remotedesktop"/></Shortcut>
	<Shortcut clsid="{4F2F7C55-2790-433e-8127-0739D1CFA327}" userContext="1" name="Snipping Tool" status="Snipping Tool" image="2" changed="2024-12-16 12:17:51" uid="{F06D52C5-4FAD-4024-B463-91C71484DED0}"><Properties pidl="" targetType="FILESYSTEM" action="U" comment="" shortcutKey="0" startIn="C:\Windows\System32\" arguments="" iconIndex="0" targetPath="C:\Windows\System32\SnippingTool.exe" iconPath="" window="" shortcutPath="%DesktopDir%\Snipping Tool"/></Shortcut>
	<Shortcut clsid="{4F2F7C55-2790-433e-8127-0739D1CFA327}" userContext="1" name="ePortal" status="ePortal" image="2" changed="2024-12-16 12:18:45" uid="{0B374EAD-0B13-462F-9A6A-E14D557DE88F}"><Properties pidl="" targetType="URL" action="U" comment="" shortcutKey="0" startIn="" arguments="" iconIndex="89" targetPath="http://eportal.spider.basf.net" iconPath="%SystemRoot%\System32\SHELL32.dll" window="" shortcutPath="%DesktopDir%\ePortal"/></Shortcut>
	<Shortcut clsid="{4F2F7C55-2790-433e-8127-0739D1CFA327}" userContext="1" name="Windows Administrative Tools" status="Windows Administrative Tools" image="2" changed="2024-12-16 12:19:49" uid="{4C5798E4-8C9A-4817-A3A0-10721EE529DD}"><Properties pidl="" targetType="FILESYSTEM" action="U" comment="" shortcutKey="0" startIn="" arguments="" iconIndex="0" targetPath="C:\ProgramData\Microsoft\Windows\Start Menu\Programs\Administrative Tools\" iconPath="" window="" shortcutPath="%DesktopDir%\Windows Administrative Tools"/></Shortcut>
</Shortcuts>
